id,pred_sql
bxa697g52vm2ojifwwhz,SELECT COUNT(*) FROM person WHERE mzdm_detail = '汉族' AND wz_wldt_logs.nr LIKE '%编程%';
d2yof3ufsyi28kjkmsnf,"SELECT clpp1, COUNT(*) FROM vehicle WHERE gj = '中国' GROUP BY clpp1 ORDER BY COUNT(*) DESC LIMIT 3;"
i6vxm19fpwub131hvhu0,SELECT * FROM person WHERE rksj = '2025-03-11' AND source = '公安系统';
1vp9z0njuufvhjsyr76s,SELECT * FROM vehicle WHERE hpzl = '小型汽车' AND hpyz = '蓝色';
skc5ahbqp4ijnfbcymts,"SELECT xm, lxdh FROM person WHERE xb = '女';"
b4py52mi3snaarrvlp78,"SELECT rksj, COUNT(*) FROM person WHERE substr(rksj, 1, 7) = '2025-03' GROUP BY rksj;"
izkwxg4n6zwzvj7cksac,"SELECT mzdm_detail, COUNT(*) FROM person GROUP BY mzdm_detail ORDER BY COUNT(*) DESC;"
nj8wazfotd0xpl5um78j,SELECT * FROM person WHERE sfwfby = '否' ORDER BY sg DESC LIMIT 5;
132lwmt165yq4yw8dciu,"SELECT clpp1, COUNT(*) FROM vehicle WHERE syxz = '私家车' GROUP BY clpp1 ORDER BY COUNT(*) DESC LIMIT 3;"
de5zxlcjym5jvf8mkz6v,"SELECT xm, xb FROM person WHERE mzdm_detail = '汉族';"
kx4fvkaz220t2jsm02dz,"SELECT hjdxzqhdm, COUNT(*) FROM person GROUP BY hjdxzqhdm ORDER BY COUNT(*) DESC;"
udf5txi0rjnytnq6ssf2,"SELECT xm, rksj FROM person WHERE rksj = '2025-03-11';"
3vow588zvku28lpw7mlx,"SELECT mzdm_detail, COUNT(*) FROM person GROUP BY mzdm_detail ORDER BY COUNT(*) DESC;"
6iggbz2j4nl157fifcw4,SELECT * FROM trajectory WHERE fssj LIKE '2025-03-06 10:%';
q2zkte095lc4tb50b8e0,"SELECT source, ROUND(AVG(CASE WHEN xb = '男' AND hyzk = '已婚' THEN sg ELSE NULL END), 2) FROM person GROUP BY source;"
jbm3zlinrsxzcehoull0,"SELECT xm, sfzh FROM person WHERE rksj = '2025-03-11' AND source = '公安系统';"
jydtapzr6h0m1ozckg9h,"SELECT clpp1, COUNT(*) FROM vehicle GROUP BY clpp1 ORDER BY COUNT(*) DESC;"
0r532m2j3toc4cuh7lp1,"SELECT xm, sfzh FROM person WHERE hjdxzqh LIKE '%北京市朝阳区%';"
67hna87oa3hch1aa2iuz,"SELECT p.xm, p.lxdh FROM person p JOIN vehicle v ON p.sfzh = v.syr_sfzh WHERE v.hphm = '粤B67890';"
f6etl3nb4brtj569a8y5,SELECT COUNT(*) FROM person WHERE hjdxzqh LIKE '%北京市朝阳区%' AND hpzl = '小型汽车';
vl02oixe4gsce2jw6zii,"SELECT fdjh, csys FROM vehicle WHERE hphm = '粤B12345';"
hld2406sq233xsa7jjap,SELECT hphm FROM vehicle WHERE hpzl = '小型汽车' AND csys = '黑色';
si6vgbrjl6m7m8czq5pq,"SELECT xm, sfzh, lxdh FROM person WHERE xb = '女';"
d7hwnuegfg1cckiy3yfc,"SELECT mzdm_detail, COUNT(*) FROM person WHERE xl = '博士' GROUP BY mzdm_detail;"
c19sh0kpwlbp1c2trng2,"SELECT user_id, MAX(record_time) FROM trajectory GROUP BY user_id;"
yw5art6093r2nj9d1mxv,"SELECT mzdm_detail, COUNT(*) FROM person GROUP BY mzdm_detail ORDER BY COUNT(*) DESC;"
tihh3wpxupbdk19k752l,"SELECT p.*, v.clpp1 FROM person p JOIN household h ON p.hh = h.hh JOIN vehicle v ON h.hh = v.syr_sfzh WHERE h.hh = (SELECT hh FROM person WHERE xm = '张三');"
0ve3vo8lqzittoidu03g,"SELECT source, COUNT(*) FROM person WHERE hyzk = '已婚' GROUP BY source ORDER BY COUNT(*) DESC;"
vyvurh5ew73b917g222f,"SELECT hjdxzqhdm, COUNT(*) FROM person WHERE sg > 180 GROUP BY hjdxzqhdm;"
lwzf937kyol9o79ue9zo,SELECT xm FROM person WHERE source = '民政系统' AND xb = '女';
5c3njprzwxbqj9kx0c7x,SELECT * FROM person WHERE sg BETWEEN 170 AND 180 AND xl = '本科' AND xb = '男';
j5csdp92ykexgx8zuplb,SELECT rksj FROM person WHERE pc = 'B202503';
3sjt4gwn8l0pse52oywf,"SELECT user_id, MIN(start_time), MIN(start_location) FROM trajectory GROUP BY user_id;"
fes5u1t4silt6520uvtq,SELECT v.clpp1 FROM vehicle v JOIN household h ON v.syr_sfzh = h.hh JOIN person p ON h.hh = p.sfzh WHERE p.yhzgx = '户主';
5ehqhhw8j63vjtyrfzub,"SELECT xm, source FROM person WHERE rksj = '2025-03-11';"
d1d2sxynjkyroyhkukq5,SELECT * FROM vehicle WHERE hpyz = '蓝色' AND hpzl = '小型汽车';
wo48f39fv01uh112y4fo,"SELECT xm, sfzh FROM person WHERE source = '公安系统';"
azvmwozcc35dc5staqyc,SELECT COUNT(*) FROM person WHERE mzdm_detail = '汉族' AND xl = '研究生';
bqt02op7vkb5n5bygq09,SELECT clpp1 FROM vehicle WHERE csys = '黑色' AND hpzl = '小型汽车';
fvsi0qq9g9yew3dg9xq5,SELECT NULL;
sw2j13kb61a3nq1m52aw,"SELECT csys, clpp1 FROM vehicle WHERE hphm = '粤B67890';"
tzSooRTTuiBIqid6Bzr3,"SELECT p.xm, p.sfzh FROM person p JOIN vehicle v ON p.sfzh = v.syr_sfzh WHERE v.clpp1 = '丰田';"
wil6k7pxwpkhpexo5624,SELECT COUNT(*) FROM person WHERE hjdxzqh LIKE '%山东省济南市历下区%';
c83tl4ur2ydi0r54vb75,"SELECT p.*, v.* FROM person p JOIN vehicle v ON p.sfzh = v.syr_sfzh WHERE v.zt = '良好' AND v.bxzzrq > CURRENT_DATE;"
a77m5k30vjqcjv62dwud,SELECT * FROM person WHERE rksj = '2025-03-11';
d9dxpkb1opysfm1ppp7n,SELECT * FROM vehicle WHERE hpyz = '蓝色' AND hpzl = '小型汽车';
bnexube6wxqrdlx4y1uz,"SELECT source, COUNT(*) FROM person WHERE hyzk = '未婚' GROUP BY source ORDER BY COUNT(*) DESC;"
j3qpya08wolgmno72b21,SELECT COUNT(*) FROM person WHERE rksj = '2025-03-11' AND source = '社保系统';
h5zqrlwnq4dz58gzmeto,"SELECT source, COUNT(*) FROM person GROUP BY source ORDER BY COUNT(*) DESC;"
kkmexdhenhhvgi0k5cxe,"SELECT hh, COUNT(*) FROM person GROUP BY hh ORDER BY COUNT(*) DESC;"
snd016fgizloxe20y62n,"SELECT source, COUNT(*) FROM person WHERE xl = '本科' GROUP BY source ORDER BY COUNT(*) DESC;"
a0z36fw6iijyl41fc3dl,SELECT * FROM person WHERE rksj > '2025-03-01';
ws7ug3jruhtvltoxnqq5,"SELECT xm, lxdh FROM person WHERE xb = '女';"
3bnb65m7e4o3rsasufr9,"SELECT lxdh, qrrq FROM person WHERE qyyy = '购房迁入';"
v7ohynbkj5vuha0f3r2w,"SELECT hphm, clpp1 FROM vehicle WHERE csys = '白色';"
w5y3le9opc2ecend9p06,SELECT COUNT(*) FROM person WHERE rksj = '2025-03-11' AND pc = 'B202503';
b95xa0q36iho95nneect,"SELECT cx, csys FROM vehicle WHERE clpp1 = '宝马';"
dbfe7bpwquey59mumolk,SELECT NULL;
zkj8mzdviqyum656h52t,SELECT * FROM person WHERE rksj = '2025-03-11';
dvb8ap149uwn55q650f8,"SELECT mzdm_detail, COUNT(*) FROM person GROUP BY mzdm_detail ORDER BY COUNT(*) DESC;"
xn9mugl448t9sy4xhpbc,"SELECT mzdm_detail, COUNT(*) FROM person WHERE xb = '男' AND mzdm_detail IN ('汉族', '藏族', '蒙古族') GROUP BY mzdm_detail ORDER BY mzdm_detail;"
23ox64ytaqc26la48u50,"SELECT v.clpp1, v.ccrq FROM vehicle v JOIN person p ON v.syr_sfzh = p.sfzh WHERE p.xm = '李四维';"
yolgabxkgsr1h0bqcubw,"SELECT xm, qcrq FROM person WHERE qcrq LIKE '2024-02%' AND qcyy = '工作变更';"
znectje9jc7uxhjqqfk8,SELECT COUNT(*) FROM person WHERE source = '公安系统' AND sfwfby = '否' AND xb = '男';
ymn3zrn1rtd5w0jhhvml,SELECT * FROM person WHERE sg BETWEEN 170 AND 180 AND xb = '男';
9n451c3tbndcd0ceiltb,"SELECT bx, COUNT(*) FROM person WHERE zy = 'IT' GROUP BY bx;"
wkup17jcnpjqdtey938p,"SELECT source, COUNT(*) FROM person GROUP BY source ORDER BY COUNT(*) DESC;"
j9gva3o3o0qthl3v39tf,SELECT * FROM vehicle WHERE hphm LIKE '粤B%';
th122431x3gzzllvedsd,"SELECT xm, qryy FROM person WHERE qrrq > '2024-02-01';"
z9cbvd3ufk6aoh40oqhk,SELECT * FROM person WHERE rksj = '2025-03-11';
1udj4opyrc8iofq6x21r,SELECT COUNT(DISTINCT p.sfzh) FROM person p JOIN trajectory t ON p.sfzh = t.user_id JOIN wz_wldt_logs w ON p.sfzh = w.sfzh;
wyjxanst53081trk54jd,"SELECT mzdm_detail, COUNT(*) FROM person WHERE hyzk = '已婚' GROUP BY mzdm_detail ORDER BY mzdm_detail;"
zmgazlt0p3m4ppnx8hgc,SELECT COUNT(*) FROM trajectory WHERE gjlx = '火车';
t8dt82jm0disqqy3wcrn,SELECT * FROM vehicle WHERE clpp1 = '宝马' AND syxz = '私家车';
2qjeizk5zayh81nog0s9,SELECT * FROM person WHERE rksj > '2025-03-01';
321sbrcgpbuv4o78yml9,SELECT * FROM vehicle WHERE csys = '白色' AND hpzl = '小型汽车';
nqnk11eqeqtu7elsvyzo,SELECT * FROM trajectory WHERE cjsj > '2025-03-05';
s0pf37h5u39p44hb3nri,SELECT NULL;
8rhgh6x7ok89jc30qrxd,SELECT * FROM person WHERE rksj = '2025-03-11';
6uhpdsahgwycqcexw4jn,SELECT * FROM vehicle WHERE hphm LIKE '粤B%' AND hpzl = '小型汽车';
pnddrga1wtx56u7cuiqu,SELECT COUNT(*) FROM person WHERE source = '公安系统' AND mzdm_detail = '汉族';
r60etxc80jbk7ij0mq0c,SELECT * FROM person WHERE rksj LIKE '2025-03%';
6e3lfpht3bnywu5qcp8e,"SELECT hjdz_sf, COUNT(*) FROM trajectory WHERE cjfs = '飞机出行' AND gjzt = '已完成' GROUP BY hjdz_sf;"
69nz2qscspfa6c27o9rh,"SELECT hphm, fdjh FROM vehicle WHERE syxz = '出租车';"
5rzwig5edvol2dzn9czp,"SELECT xm, lxdh FROM person WHERE sfzh LIKE '370102%' AND xl = '本科';"
fwh00gj9tvdg2c17u11u,SELECT COUNT(*) FROM person WHERE rksj LIKE '2025-03%';
ghpwwxg9ukttzrgeih69,"SELECT mzdm_detail, COUNT(*) FROM person GROUP BY mzdm_detail ORDER BY COUNT(*) DESC;"
mur7tktfue6h58umvubx,"SELECT substr(sfzh, 1, 2) AS province, clpp1, COUNT(*) FROM person p JOIN vehicle v ON p.sfzh = v.syr_sfzh GROUP BY province, clpp1;"
d3necgw2m72ph4l0zw9r,SELECT * FROM vehicle WHERE hpyz = '蓝色' AND hpzl = '小型汽车';
sfvl6c56jj9qlxhd4v29,"SELECT clpp1, csys FROM vehicle WHERE hphm = '粤B12345';"
cu1xrddclasw1wqhrwf4,SELECT * FROM trajectory WHERE user_id = (SELECT sfzh FROM person WHERE xm = '张三') AND fssj LIKE '2025-03%';
5onxsah8px8r8vqeok1d,SELECT p.* FROM person p JOIN trajectory t ON p.sfzh = t.user_id WHERE t.fssj LIKE '2025-03-06%' AND p.lxdh LIKE '138%';
4td7xithry3qrpjuappy,SELECT hjdxzqh_detail FROM person WHERE xm = '张三';
9p0jjc49etnnaayxnnw7,"SELECT xm, lxdh FROM person WHERE xb = '女';"
3gseqxumln5soxgz9wb1,SELECT COUNT(*) FROM person WHERE source = '社保系统' AND mzdm_detail = '汉族';
ktduafe4hwtwgh5izr1z,"SELECT user_id, MAX(start_time), FIRST_VALUE(start_location) OVER (PARTITION BY user_id ORDER BY start_time DESC), FIRST_VALUE(end_location) OVER (PARTITION BY user_id ORDER BY start_time DESC) FROM trajectory GROUP BY user_id;"
xqzubqfd67pmeucstfya,"SELECT sfzh, MAX(cjsj), FIRST_VALUE(wz) OVER (PARTITION BY sfzh ORDER BY cjsj DESC), FIRST_VALUE(czlx) OVER (PARTITION BY sfzh ORDER BY cjsj DESC) FROM wz_wldt_logs GROUP BY sfzh;"
iwy4nbth4pgeo8zbccoh,SELECT COUNT(*) FROM person WHERE hyzk = '未婚';
14xk6td6wnhp8jl3wv44,SELECT * FROM person WHERE xl = '本科' AND sg > 175 AND xb = '男';
nn5exu2djdzvwbnibbg5,"SELECT p.*, v.clpp1 FROM person p JOIN household h ON p.hh = h.hh JOIN vehicle v ON h.hh = v.syr_sfzh WHERE h.hh = (SELECT hh FROM person WHERE xm = '张三');"
hztm5bt21t6n7fniar7g,SELECT * FROM vehicle WHERE clpp1 = '宝马' AND csys = '黑色';
ogvgq1k04nhe2zt6xqos,SELECT * FROM vehicle WHERE hpyz = '蓝色';
zec0d7jiph2s9o3zwr3m,"SELECT source, COUNT(*) FROM person GROUP BY source, pc ORDER BY pc DESC;"
x6odc1f04j1b1ov5hfh2,SELECT NULL;
nteuy8spc40jml9prpze,SELECT NULL;
87rrxv5eheqxlc6b793o,"SELECT qcyy, COUNT(*) FROM person GROUP BY qcyy ORDER BY COUNT(*) DESC LIMIT 3;"
cygdsg06q8obuttkkczo,SELECT * FROM person WHERE rksj > '2025-03-11';
0eh9b9j2mtx4nqkoz7t9,SELECT * FROM person WHERE bx = 'B型';
kjk0ohewdzdyvxxy7qmg,"SELECT sfzh, xm FROM person WHERE xb = '女';"
i4lr7g54ynzxf6dj2319,"SELECT xm, sfzh FROM person WHERE source = '民政系统';"
ixzikz7aj6iney15tikx,"SELECT xl, COUNT(*) FROM person WHERE hjdxzqh LIKE '%北京市朝阳区%' AND hyzk = '已婚' GROUP BY xl;"
o4yo56c8xzogwl6qkpdb,SELECT * FROM person WHERE xb = '女';
sj4je79gehcm4boshsae,SELECT COUNT(*) FROM person WHERE source = '公安系统' AND hyzk = '已婚';
by5ljr4xh5nfj3edqbo7,SELECT hjdxzqh_detail FROM person WHERE xm = '王五';
3wf7iaft6snxdcfohi40,"SELECT xm, sfzh FROM person WHERE sg > 180;"
20x06rihikcuwucvpci2,"SELECT xm, lxdh FROM person WHERE mzdm_detail = '汉族' AND xb = '男';"
7JGQ6RgimSjsjZqLnXZF,SELECT p.sfzh FROM person p JOIN vehicle v ON p.sfzh = v.syr_sfzh JOIN wz_wldt_logs w ON p.sfzh = w.sfzh GROUP BY p.sfzh HAVING COUNT(DISTINCT v.hphm) > 0 AND COUNT(DISTINCT t.id) > 0 AND COUNT(DISTINCT w.id) > 0;
mwd8a18wwz6auvqul5f2,"SELECT v.clpp1, v.cx FROM vehicle v JOIN person p ON v.syr_sfzh = p.sfzh WHERE p.xm = '张三';"
8gaszjwp8tw1hrv3e2i8,SELECT * FROM person WHERE sg BETWEEN 170 AND 180;
WGydwdblie8tWECj0W49,SELECT NULL;
411ush3ypvnsrqt4vyut,"SELECT hjdxzqhdm, COUNT(*) FROM person WHERE sg > 180 AND xb = '男' GROUP BY hjdxzqhdm;"
i6kk2xd013x9bkzfddf6,SELECT * FROM person WHERE source = '公安系统' AND rksj > '2024-03-01';
gwqc5277reulrejvrqrx,"SELECT vhclsb, syr_xm FROM vehicle WHERE hpzl = '小型汽车';"
qtwgw2lmm41p1pg3iub2,SELECT hphm FROM vehicle WHERE hpyz = '蓝色' AND hpzl = '小型汽车';
zd21g0p2sgsum8md9rry,SELECT sfzh FROM person WHERE rksj = '2025-03-11';
2l0ydryx3zntpvutghzl,"SELECT p.xm, p.lxdh FROM person p JOIN vehicle v ON p.sfzh = v.syr_sfzh WHERE v.hphm = '粤B67890';"
f3r17wyy28j0kz2ofogx,SELECT qfjg FROM id_info WHERE yxqz > '2030-01-01';
5atyvqrmx6z46iv46xjz,"SELECT hphm, clpp1 FROM vehicle WHERE csys = '红色';"
jrbaqj2uudqqc3acec7n,"SELECT mzdm_detail, COUNT(*) FROM person GROUP BY mzdm_detail ORDER BY COUNT(*) DESC;"
ztck2aqf8ces5p16ofat,"SELECT xm, sfzh FROM person WHERE mzdm_detail = '汉族' AND xb = '男';"
xegbcdkhukjdp92qumck,"SELECT p.xm, p.lxdh FROM person p JOIN vehicle v ON p.sfzh = v.syr_sfzh WHERE v.hphm = '粤B12345';"
4l0lq8ljyf42dp0agsjm,"SELECT clpp1, csys FROM vehicle WHERE hphm = '粤B67890';"
qykqkpau1zgvq1xmyonr,"SELECT p.hjdxzqh_detail, v.clpp1 FROM person p JOIN vehicle v ON p.sfzh = v.syr_sfzh WHERE p.xm = '张三';"
2bbpg0qhp2nnk9ox4p0c,SELECT hjdxzqh_detail FROM person WHERE sfzh = '370102199709099012';
ec75vb4xv9m9ggg2i0zs,SELECT CASE WHEN jyyxqz > CURRENT_DATE THEN '未过期' ELSE '已过期' END FROM vehicle WHERE hphm = '粤B12345';
xzoqgfm621r8l0ncxjf7,SELECT CASE WHEN jyyxqz > CURRENT_DATE THEN '未过期' ELSE '已过期' END FROM vehicle WHERE hphm = '鲁A12345';
vt8ra923xx59clhj44x5,"SELECT v.clpp1, v.csys FROM person p JOIN vehicle v ON p.sfzh = v.syr_sfzh WHERE p.hjdxzqh LIKE '%北京市朝阳区%';"
tnsjywg5xpk6qrkj5xb5,SELECT * FROM person WHERE rksj = '2025-03-11';
hufsal3kxwhoaygokx22,SELECT hjdxzqh_detail FROM person WHERE sfzh = '370102199709099012';
9j91ka5y0qa74apgm6ff,SELECT NULL;
qityl0unox1yrvubs6gk,"SELECT clpp1, csys FROM vehicle WHERE hphm = '粤B67890';"
bkx0rvudl80gz58817xj,SELECT * FROM person WHERE hjdxzqh LIKE '%北京市朝阳区%';
r6on4sagrsvlouc1s42d,SELECT COUNT(*) FROM person WHERE rksj = '2025-03-11' AND source = '公安系统';
sztobqtd01zcl93f6csp,"SELECT p.*, v.clpp1, v.fdjh FROM person p JOIN vehicle v ON p.sfzh = v.syr_sfzh WHERE p.zy = '程序员';"
s70bxtabof8guotiz9aj,"SELECT xm, lxdh FROM person WHERE xb = '女' AND hyzk = '已婚';"
9hguzebslkiv5pp0cwlx,"SELECT mzdm_detail, COUNT(*) FROM person WHERE hyzk = '已婚' GROUP BY mzdm_detail;"
aw3n1slx511qdzhhoefr,"SELECT mzdm_detail, COUNT(*) FROM person WHERE zy = '程序员' GROUP BY mzdm_detail ORDER BY COUNT(*) DESC;"
ynv2pttvi17bdviic8fu,"SELECT xm, lxdh FROM person WHERE zy = '模特' AND xb = '女';"
sulg45iolpd8k2kbk9yf,SELECT * FROM person WHERE xb = '女' AND sg BETWEEN 170 AND 180;
kp09lnphj0pnyi7boolt,SELECT * FROM person WHERE rksj = '2025-03-11';
51jvt0ifzwbsnovs0ycs,"SELECT hyzk, COUNT(*) FROM person GROUP BY hyzk ORDER BY COUNT(*) DESC;"
uh8lhutlnm374ozghjfn,SELECT * FROM person WHERE rksj = '2025-03-11' AND source = '民政系统';
sxuet8ftlw0bt383qkkf,SELECT * FROM person WHERE rksj = '2025-03-11' AND source = '模特协会';
bqm9kwbzmjb1e81zyxxt,SELECT * FROM person WHERE sg > 180 AND zy = '体育' AND xb = '男';
1xzz5a97wtx2q7jovtkc,"SELECT mzdm_detail, COUNT(*) FROM person GROUP BY mzdm_detail ORDER BY COUNT(*) DESC;"
xntfpoqrdbguw6chpuy6,SELECT hphm FROM vehicle WHERE csys = '白色' AND hpzl = '小型汽车';
t4wgk3edqzo1onpj181t,"SELECT sfzh, xm FROM person WHERE mzdm_detail = '汉族' AND hyzk = '未婚';"
m87h8awt3p68gy9coe5r,"SELECT hphm, clpp1 FROM vehicle WHERE csys = '黑色';"
v2yf0s1gz559090zcl2q,SELECT * FROM person WHERE hyzk = '未婚' AND xb = '女';
esugydvljyy3nl7t6uew,"SELECT mzdm_detail, COUNT(*) FROM person GROUP BY mzdm_detail ORDER BY COUNT(*) DESC;"
6vfzf3jwst28ob980tul,"SELECT csys, syxz FROM vehicle WHERE hphm = '粤B12345';"
nbkakz3gsx262cbd3w2u,SELECT * FROM person WHERE rksj = '2025-03-11';
nrerjc4vxuapph64cdzn,"SELECT xm, sfzh FROM person WHERE xb = '女' AND mzdm_detail = '汉族';"
0yo0bk60y8aaz6hmfwvd,"SELECT p.sfzh, v.clpp1 FROM person p JOIN vehicle v ON p.sfzh = v.syr_sfzh;"
nwc6rh0aj9wtfvt6iirp,SELECT * FROM person WHERE xb = '女' AND hyzk = '已婚' AND xl = '本科';
c1em6zvh9kxo78w9n54r,SELECT COUNT(*) FROM person WHERE xb = '女' AND sg BETWEEN 170 AND 180;
msoy90y9xsosp7e1fx6q,"SELECT hjdxzqh_detail, COUNT(*) FROM person GROUP BY hjdxzqh_detail;"
xxalcj4nghmvqooxxc1u,SELECT * FROM person WHERE rksj > '2025-03-11';
k4zkvq7qbuwoiospjvvm,SELECT xm FROM person WHERE source = '公安系统' AND hyzk = '未婚';
krncc4xcnaldl16ocpql,SELECT * FROM person WHERE fssj LIKE '2025-03%' AND sg > 180 AND xb = '男';
zn8klq8c2ht8h3eo53by,"SELECT clpp1, csys FROM vehicle WHERE hphm = '鲁A12345';"
0q6xnwh29dr8un0p63ax,"SELECT sfzh, gjlx FROM trajectory WHERE fssj LIKE '2025-03-01%';"
544kp08xwrfjc4mrfto6,"SELECT clpp1, COUNT(*) FROM vehicle GROUP BY clpp1 ORDER BY COUNT(*) DESC;"
xln4nvylsmqa28b3lwg3,SELECT * FROM vehicle WHERE hphm LIKE '粤A%';
c7xh0ytq8be5txztqhtc,"SELECT qfjg, yxqksrq FROM id_info WHERE yxqz > '2030-01-01';"
lv9uhrsaxa3x4sahnjwp,SELECT COUNT(*) FROM person WHERE rksj = '2025-03-11' AND source = '公安系统';
rl1dem0sbdzso1fc65tg,"SELECT mzdm_detail, COUNT(*) FROM person GROUP BY mzdm_detail ORDER BY COUNT(*) DESC;"
t36z5jyux8bzgtpu8y50,SELECT * FROM person WHERE xb = '男' AND sg BETWEEN 170 AND 180;
pet88s7fcr7rrkw5tear,SELECT * FROM person WHERE xb = '女' AND mzdm_detail = '汉族' AND sfsws = '否';
eyyh3jnwui70tsy6sk2e,SELECT * FROM person WHERE rksj = '2025-03-01' AND pc = 'B202503';
flczvo4mv40holwh9yxe,SELECT CASE WHEN jyyxqz > CURRENT_DATE THEN '未过期' ELSE '已过期' END FROM vehicle WHERE hphm = '粤B67890';
2mnebbs13kcqxqhgp0d7,"SELECT xm, sfzh FROM person WHERE xl = '本科';"
3mk5dlb3bi46r16xtyhl,"SELECT gjlx, COUNT(*) FROM trajectory WHERE fssj BETWEEN '2025-03-01' AND '2025-03-07' GROUP BY gjlx;"
1tir1zcg72frsexng8i8,"SELECT hyzk, AVG(sg) FROM person GROUP BY hyzk;"
gdi7bvjhmzkxm7htcvel,SELECT COUNT(*) FROM person WHERE hjdxzqh LIKE '%北京市朝阳区%' AND sg > 175 AND xb = '男';
QjpgIJkPv0aCgpoLiWdg,"SELECT sfzh, COUNT(*) FROM vehicle GROUP BY syr_sfzh HAVING COUNT(*) > 1;"
og5i6x2fy1kpuknm12th,SELECT * FROM person WHERE hjdxzqh LIKE '%北京%' AND EXISTS (SELECT 1 FROM vehicle WHERE vehicle.syr_sfzh = person.sfzh AND vehicle.clpp1 = '宝马');
li21p4pag804ea6fz78i,"SELECT sjgsdwmc, COUNT(DISTINCT clpp1) FROM vehicle GROUP BY sjgsdwmc ORDER BY COUNT(DISTINCT clpp1) DESC;"
aige79mws2m0od7mdleg,SELECT * FROM trajectory WHERE user_id = (SELECT sfzh FROM person WHERE xm = '张三') ORDER BY start_time DESC LIMIT 3;
ucux5qmm3rvn9cjaiu5v,SELECT hphm FROM vehicle WHERE csys = '黑色' AND hpzl = '小型汽车';
s58pzvxs03zpa649pyuf,SELECT COUNT(*) FROM person WHERE rksj LIKE '2025-03%';
axot6bq90cid1ej4twyw,"SELECT xm, lxdh FROM person WHERE mzdm_detail = '汉族' AND xb = '女';"
comkis6wbka525oz864v,"SELECT clpp1, COUNT(*) FROM vehicle GROUP BY clpp1 ORDER BY COUNT(*) DESC LIMIT 3;"
taigwl534j3f5k3c5u3w,SELECT * FROM person WHERE rksj > '2024-02-01';
iaf4iirgdlxff9i9s4nu,SELECT CASE WHEN jyyxqz > CURRENT_DATE THEN '未过期' ELSE '已过期' END FROM vehicle WHERE syr_sfzh = (SELECT sfzh FROM person WHERE xm = '张三');
0yp7fd4k01ni7ikwrqsa,SELECT * FROM person WHERE csrq > '1990-01-01' AND xb = '女';
64hqt3rk957xlwfa4una,"SELECT xm, sfzh FROM person WHERE hjdxzqh LIKE '%北京市朝阳区%';"
0kxintlnnxhw68527q7m,SELECT * FROM trajectory WHERE user_id = (SELECT sfzh FROM person WHERE xm = '张三') AND fssj LIKE '2025-03%';
666pk2c6vxmpmsknxlfv,"SELECT xm, lxdh FROM person WHERE sfzh = '370102199001015679';"
wf8gd8fw153n7veb3qt2,"SELECT zy, COUNT(*) FROM person GROUP BY zy ORDER BY COUNT(*) DESC;"
yuzxxvxns440sgu8nyw4,SELECT COUNT(*) FROM person WHERE mzdm_detail = '汉族' AND xl = '本科';
3iz8qv6vcniqure3udue,"SELECT p.*, v.bxzzrq FROM person p JOIN household h ON p.hh = h.hh JOIN vehicle v ON h.hh = v.syr_sfzh WHERE p.xm = '王五';"
zxewj97oar3w0j89fw2d,"SELECT source, COUNT(*) FROM person GROUP BY source ORDER BY COUNT(*) DESC;"
7lo4phg9jevjwhd200dq,SELECT hphm FROM vehicle WHERE csys = '红色' AND hpzl = '小型汽车';
0nlwwfygp5ztb3460sqa,"SELECT xm, sfzh FROM person WHERE hjdxzqh LIKE '%北京市朝阳区%';"
dva4lpdku2847xa0vipr,SELECT NULL;
9x4n2bndwwkois5w1q48,SELECT NULL;
sxpwzfmuyc5y90d22cj7,SELECT qfjg FROM id_info WHERE yxqz > '2030-01-01' GROUP BY qfjg;
d05n19ftg66rluscqsex,SELECT * FROM person WHERE xb = '女' AND mzdm_detail = '汉族';
ewqzes94hudcczak7ggb,"SELECT xm, sfzh FROM person WHERE mzdm_detail = '汉族';"
4541j9spin5xu6uyr88r,"SELECT xm, sfzh FROM person WHERE source = '卫健委系统';"
wdvo9uc2o71s1a08pzrc,"SELECT zy, COUNT(*) FROM person WHERE mzdm_detail IS NOT NULL GROUP BY mzdm_detail, zy;"
6t2j7abf8d22yfg4v7fp,"SELECT hyzk, COUNT(*) FROM person GROUP BY hyzk ORDER BY COUNT(*) DESC;"
rz9rjswu0gz4e86p46a7,"SELECT hjdxzqh, COUNT(*) FROM trajectory GROUP BY hjdxzqh;"
czqk2ah2373v4uwvi5nc,SELECT p.* FROM person p JOIN vehicle v ON p.sfzh = v.syr_sfzh JOIN trajectory t ON p.sfzh = t.user_id WHERE t.fssj LIKE '2025-03%';
3zq6t796r8fprxqmj3te,"SELECT source, COUNT(*) FROM person WHERE xl = '本科' GROUP BY source;"
0b0xu722v47p9jok3jbm,SELECT hphm FROM vehicle WHERE csys = '红色' AND hpzl = '小型汽车';
jqs1numuq9mqf5qei1k9,"SELECT * FROM person WHERE rksj > '2025-03-01' AND xl IN ('本科', '硕士', '博士');"
mdrs3ha9it2iwfq9k8i8,"SELECT xm, swrq FROM person WHERE swyy = '疾病' AND sfsws = '是';"
1oqfhizh078eez59ead4,"SELECT p.*, v.* FROM person p JOIN vehicle v ON p.sfzh = v.syr_sfzh WHERE p.sfzh IN (SELECT sfzh FROM person ORDER BY sg DESC) AND p.yhzgx = '户主';"
an54228avqdfdhdef139,SELECT * FROM person WHERE EXISTS (SELECT 1 FROM person WHERE source = '公安系统') AND EXISTS (SELECT 1 FROM person WHERE source = '微博');
fqeyzmzusqfh67fml58w,SELECT NULL;
of2y2d6sire7gj3ium6n,"SELECT xm, lxdh FROM person WHERE rksj = '2025-03-11' AND pc = 'B202503';"
qefqt0i1e1cs1ssc8pfo,SELECT p.* FROM person p JOIN vehicle v ON p.sfzh = v.syr_sfzh WHERE EXISTS (SELECT 1 FROM trajectory WHERE trajectory.user_id = p.sfzh AND gjlx = '汽车') AND v.clpp1 = '比亚迪';
81mzlxcqr2iqdv319qf3,"SELECT pc, COUNT(*) FROM person GROUP BY pc ORDER BY pc;"
gs9zkd2cxn4pdz25we5u,"SELECT xm, source FROM person WHERE rksj > '2025-03-11';"
ni014vxtoiy3ziqz9uty,"SELECT mzdm_detail, COUNT(*) FROM person GROUP BY mzdm_detail ORDER BY COUNT(*) DESC;"
9vb1qjtes70xvs8rf6ow,"SELECT hyzk, COUNT(*) FROM person GROUP BY hyzk ORDER BY COUNT(*) DESC;"
9xucki56xa2gm7e7k883,"SELECT xm, lxdh FROM person WHERE xb = '女' AND mzdm_detail = '汉族';"
ks3l3xazqglws1834rjr,SELECT hphm FROM vehicle WHERE hpyz = '蓝色' AND hpzl = '小型汽车';
cuwlg6a3web2qr51khp6,SELECT * FROM person WHERE hjdxzqh LIKE '%北京市海淀区%' AND xb = '女';
4x4dzrryjrzo4jdb1x36,"SELECT p.xm, v.clpp1 FROM person p JOIN vehicle v ON p.sfzh = v.syr_sfzh WHERE p.xm = '张三';"
sb4ijv1umzza9b65gxow,SELECT NULL;
sgddgpks3lonxnjksbt0,SELECT NULL;
l55kcq9f6api5k3z3h3s,SELECT NULL;
o4ou2qehmylwo07fiw5w,"SELECT * FROM person WHERE xl IN ('硕士', '博士');"
808svpdsx8bbhepn7je9,"SELECT v.clpp1, v.csys FROM vehicle v JOIN person p ON v.syr_sfzh = p.sfzh WHERE p.xm = '张三';"
e32ftm3g5ycy1f7enuaa,"SELECT mzdm_detail, AVG(sg) FROM person WHERE xb = '男' GROUP BY mzdm_detail;"
9pp60ln6vrosig3vaiop,"SELECT xm, lxdh FROM person WHERE source = '医疗系统' AND xb = '女';"
tn6k4u2bnwfehrfpjaj0,"SELECT source, COUNT(*) FROM person WHERE xb = '男' GROUP BY source ORDER BY COUNT(*) DESC;"
feh0bwa8sznu2fkwktcp,"SELECT mzdm_detail, COUNT(*) FROM person WHERE xb = '男' GROUP BY mzdm_detail ORDER BY COUNT(*) DESC;"
7EEuBU0gzuCrD2tyznqP,SELECT NULL;
d4u9x49j2cz3sx5qcbdo,"SELECT csys, clpp1 FROM vehicle WHERE hphm = '粤B67890';"
y3zr9lkzf67pbqjufs1q,"SELECT p.xm, p.lxdh FROM person p JOIN vehicle v ON p.sfzh = v.syr_sfzh GROUP BY p.xm, p.lxdh HAVING COUNT(v.syr_sfzh) > 2;"
ymxhdwhv7l4zclfk3wu1,SELECT NULL;
nsa7lnrjrxy9hnbol45r,SELECT * FROM person WHERE rksj > '2025-03-11' AND source = '公安系统';
eql0a8ex0q57ynm2bq0m,"SELECT mzdm_detail, COUNT(*) FROM person WHERE xb = '男' GROUP BY mzdm_detail ORDER BY COUNT(*) DESC;"
myw5iqyzmhi60a8b67rs,SELECT * FROM person WHERE xm LIKE '张%' AND hjdxzqh LIKE '%北京%';
n76mfxlzsxk482jted42,SELECT * FROM person WHERE rksj = '2025-03-11' AND source = '公安系统';
ghitukz3ddgzch084zuk,"SELECT hjdz_sf, COUNT(*) FROM trajectory GROUP BY hjdz_sf;"
i5k7qcssr209mmwvyzuy,"SELECT mzdm_detail, COUNT(*) FROM person GROUP BY mzdm_detail ORDER BY COUNT(*) DESC;"
6zkyqyzdnr08s8fbpd6k,SELECT * FROM person WHERE rksj > '2025-03-01' AND mzdm_detail = '汉族';
l0fo12kmc93m2glosf7d,"SELECT v.clpp1, v.hpyz FROM vehicle v JOIN person p ON v.syr_sfzh = p.sfzh WHERE p.mzdm_detail = '汉族' AND p.xb = '女';"
6w3mcopdc6t206odsbqc,"SELECT xm, sfzh FROM person WHERE hjdxzqh LIKE '%北京市朝阳区%';"
zs859i0733xcp78kcsjq,SELECT * FROM person WHERE bx = 'B型' AND sg > 180;
nh22wqfumzre7f7qaad2,"SELECT mzdm_detail, COUNT(xl) FROM person GROUP BY mzdm_detail, xl;"
atlunvdbwrosnnnb5tyk,SELECT * FROM person WHERE rksj > '2024-03-01';
j5l72r0fw4um21cv6ojx,"SELECT mzdm_detail, COUNT(*) FROM person WHERE xb = '男' GROUP BY mzdm_detail ORDER BY COUNT(*) DESC;"
7a7gvgi2cycaoakf99wk,SELECT NULL;
t6zz4r4l5wrtbsmbm2hz,SELECT * FROM trajectory WHERE fssj LIKE '2025-03-06%';
agl6fkfgua1bpl9re445,"SELECT v.ccrq, v.jyyxqz FROM vehicle v JOIN person p ON v.syr_sfzh = p.sfzh WHERE p.xm = '李四维';"
pfwshingwda6j3jva26r,"SELECT xm, lxdh FROM person WHERE hjdxzqh LIKE '%北京市朝阳区%';"
tgtncp3hk5bumd01o2ak,"SELECT hyzk, AVG(sg) FROM person GROUP BY hyzk;"
tebhg7eo54pglfa4njf4,"SELECT v.hphm, v.clpp1 FROM vehicle v JOIN person p ON v.syr_sfzh = p.sfzh WHERE p.xm = '李四';"
b3qi1cd1vg3e9wt337g7,"SELECT clpp1, csys FROM vehicle WHERE hphm = '粤B12345';"
dd9sdzf03qdiqzz328mt,SELECT v.jyyxqz FROM vehicle v JOIN person p ON v.syr_sfzh = p.sfzh WHERE p.xm = '张三';
jzaqjfnquxmczjojaq1q,SELECT NULL;
a4vur9d3j7c1tjov45qh,SELECT COUNT(*) FROM person WHERE rksj = '2025-03-11';
emvr0tdvwmh25n4g7xyi,"SELECT mzdm_detail, COUNT(*) FROM person GROUP BY mzdm_detail ORDER BY COUNT(*) DESC;"
njt6v2yhwvzoetrsxium,"SELECT p.xm, p.lxdh FROM person p JOIN wz_wldt_logs w ON p.sfzh = w.sfzh WHERE w.czlx LIKE '%编程%';"
3wdv7gqa3wtgznfvppw5,"SELECT xm, lxdh FROM person WHERE hyzk = '已婚' AND xb = '女';"
7h1rnp95jy2psi0j3glz,"SELECT fdjh, csys FROM vehicle WHERE hphm = '鲁A12345';"
hr7wq4dhyhq1m8218wu8,SELECT t.* FROM trajectory t JOIN person p ON t.user_id = p.sfzh WHERE t.cjfs = '飞机出行' AND p.hjdxzqh LIKE '%北京市%' AND t.fssj LIKE '2025-03%';
obux5lhlt3tybx40bh9k,SELECT * FROM vehicle WHERE clpp1 = '宝马' AND csys = '黑色' AND hpzl = '小型汽车';
tg6xiswkkknjb0kzf1ij,"SELECT mzdm_detail, AVG(sg) FROM person WHERE mzdm_detail IS NOT NULL GROUP BY mzdm_detail;"
jgkfozp5c2bs6va4omnc,"SELECT source, COUNT(*) FROM person WHERE xb = '女' GROUP BY source ORDER BY COUNT(*) DESC;"
81ehkzmy1j5y4v8vhfrc,"SELECT hyzk, COUNT(*) FROM person GROUP BY hyzk ORDER BY COUNT(*) DESC;"
gimx9p8060hhg7lcvpe1,"SELECT mzdm_detail, COUNT(*) FROM person GROUP BY mzdm_detail ORDER BY COUNT(*) DESC;"
8wt1qq2dektcy54ke6y1,"SELECT mzdm_detail, xl, COUNT(*) FROM person GROUP BY mzdm_detail, xl;"
q97txxy99jdtfpf4r186,SELECT * FROM trajectory WHERE cjsj > '2025-03-01' AND gjzt = '有效';
e9tf0jjbumpfmry7bru5,SELECT COUNT(*) FROM person WHERE sg > 180 AND xb = '男';
haqd3m66elokh71yrdyl,SELECT * FROM wz_wldt_logs WHERE nr LIKE '%编程%' AND wllx = '微博';
siqlgsjz2ybqay5my2p9,SELECT NULL;
14yypw9ua1rb94j0noyc,"SELECT hjdxzqh, AVG(pl) FROM person p JOIN vehicle v ON p.sfzh = v.syr_sfzh GROUP BY hjdxzqh;"
o638lem6n3ibbasfqnhg,SELECT * FROM person WHERE xb = '男' AND sg > 180;
qa7s4frasmzk8p8qfjkr,"SELECT v.clpp1, v.syxz FROM vehicle v JOIN person p ON v.syr_sfzh = p.sfzh WHERE p.xb = '女' AND p.hyzk = '已婚';"
apc50ikcxmji1hbl2uph,SELECT lxdh FROM vehicle v JOIN person p ON v.syr_sfzh = p.sfzh WHERE v.hphm = '粤B12345';
g4t1000tneap1lw62hjy,"SELECT hyzk, COUNT(*) FROM person GROUP BY hyzk ORDER BY COUNT(*) DESC;"
xkpu27q902vl2bonb447,"SELECT mzdm_detail, COUNT(*) FROM person WHERE hyzk = '已婚' GROUP BY mzdm_detail;"
j3degmhdda1bcsezw36r,"SELECT mzdm_detail, AVG(sg) FROM person GROUP BY mzdm_detail;"
be295h8ir3djgbhsxgb8,SELECT * FROM person WHERE rksj = '2025-03-11' AND source = '民政系统';
gqcja660luxopnzmydsv,"SELECT xm, lxdh FROM person WHERE xm LIKE '张%';"
zt4nhs46lcdfalmd2epn,"SELECT p.xm, p.lxdh FROM person p JOIN vehicle v ON p.sfzh = v.syr_sfzh WHERE v.clpp1 = '比亚迪';"
h6bjjthav0c9077wzskb,"SELECT hh, GROUP_CONCAT(xm) FROM person GROUP BY hh HAVING COUNT(*) > 3;"
holq6mqwph2nrd18n563,"SELECT sjgsdwmc, MAX(sg) FROM person GROUP BY sjgsdwmc ORDER BY MAX(sg) DESC LIMIT 3;"
w4y6trtpp0owsgqfa8wj,"SELECT mzdm_detail, COUNT(*) FROM person WHERE source = '模特协会' GROUP BY mzdm_detail;"
8mqv820byj0zgbpkxbz6,"SELECT rksj, COUNT(*) FROM person WHERE substr(rksj, 1, 7) = '2025-03' GROUP BY rksj;"
fQo5zf81x8I6DdboDByw,SELECT * FROM vehicle WHERE jyyxqz > CURRENT_DATE;
cnvzrzcpix0bdlidx5hq,"SELECT xm, source FROM person WHERE rksj = '2025-03-11';"
mm1mmm4yfio9lnlptnxe,"SELECT hphm, clpp1 FROM vehicle WHERE csys = '白色';"
9r3vsi962t60av44wbje,"SELECT v.jyyxqz, v.qzbfqz FROM vehicle v JOIN person p ON v.syr_sfzh = p.sfzh WHERE p.xm = '张三';"
c0johutxd238up7tkfd4,"SELECT mzdm_detail, COUNT(*) FROM person GROUP BY mzdm_detail ORDER BY COUNT(*) DESC;"
dyhepsj9v08u4cbcfr06,SELECT hphm FROM vehicle WHERE csys = '白色' AND hpzl = '小型汽车';
e1v9wcc8f3zqxiy25ygm,SELECT * FROM person WHERE mzdm_detail = '汉族' AND xb = '女';
aeb2xx3o9ugfkysobial,"SELECT p.*, v.* FROM person p JOIN household h ON p.hh = h.hh JOIN vehicle v ON h.hh = v.syr_sfzh WHERE p.xm = '王五';"
guMQpiLbhL8Ue52M1zq2,"SELECT p.xm, p.sfzh, v.clpp1 FROM person p JOIN vehicle v ON p.sfzh = v.syr_sfzh WHERE v.hdzkrs > 5;"
3cdyzwvmnuia4pd1l5e1,"SELECT p.xm, v.clpp1, v.syxz FROM person p JOIN vehicle v ON p.sfzh = v.syr_sfzh WHERE p.xm = '张三';"
9lyp7hjlqbwl5arb6bhn,SELECT COUNT(*) FROM person WHERE source = '公安系统';
vyz3q5dkjbo23rsbktkt,"SELECT source, AVG(sg) FROM person WHERE hyzk = '已婚' GROUP BY source ORDER BY source;"
dt0naj4fjybmszkcajpn,SELECT sfzh FROM trajectory WHERE fssj LIKE '2025-03%';
jz9fp1prs6ymgrdz8yo5,SELECT COUNT(*) FROM person WHERE rksj = '2025-03-11';
cb08p0jehaqrbmmkyij1,SELECT hphm FROM vehicle WHERE csys = '黑色' AND hpzl = '小型汽车';
r7qwg8jqw3ku46x8f8wo,SELECT * FROM person WHERE rksj = '2025-03-11' AND source = '公安系统';
wo2nrwy3po36u7a3dv3w,SELECT COUNT(*) FROM person WHERE source = '民政局' AND hyzk = '未婚';
7xvmmn82elhm1y4zwz7i,"SELECT bx, COUNT(*) FROM person GROUP BY bx ORDER BY COUNT(*) DESC;"
vyw9oyseggp07rcj6xtl,SELECT hphm FROM vehicle WHERE csys = '红色' AND hpzl = '小型汽车';
s290rlidfff0p1fjrm36,SELECT * FROM person WHERE bx = 'O型' AND sg > 175;
8k5qqhqk7k94izgibftr,"SELECT xm, sfzh FROM person WHERE xb = '男' AND hyzk = '未婚';"
5mwc0eqth23d3h1kpodr,SELECT CASE WHEN;
htxdr5y50taw7hbruqaf,SELECT NULL;
81861xuixfga9c0eof2f,SELECT NULL;
rizcb1ql9yeadw891h95,SELECT NULL;
c7jvw8w2tsqwzghadlk1,SELECT NULL;
duwqrjubo6895txjm5l3,SELECT NULL;
dmkiaxo9vh85wjme8r75,SELECT NULL;
yyat817ugxbvqwh1fi81,SELECT NULL;
b48x7hv2jed390b7ncrk,SELECT NULL;
171y6z53ituapsi6sbjs,SELECT NULL;
cyuceqmsukcpqec8flmh,SELECT NULL;
2sq1nr9ltyjasr7spscl,SELECT NULL;
dyzv8jjh14vbqsg0wx76,SELECT NULL;
fa98g3cvmh26jfm6c6ae,SELECT NULL;
fby7ghvs1alr4fk995q0,SELECT NULL;
6v48r7tg8r6zs4zbcow7,SELECT NULL;
CAuXNhPAZq15OOFn2yA7,SELECT NULL;
8x1wxd05rgpkrc35a77j,SELECT NULL;
ct1nnlmcyoawed4q8roz,SELECT NULL;
kj43sno0lr1qpf8t9hc7,SELECT NULL;
8hrf6qodayt6gqjus9pd,SELECT NULL;
syltxpe8oma93tk1sx7d,SELECT NULL;
e78b4xja8gnx66al0ukh,SELECT NULL;
7h07m6nssfna3nrqkffy,SELECT NULL;
k21nn1vbg02gmfj5yu7x,SELECT NULL;
8i9m67w2w97kdtdq5hdq,SELECT NULL;
o8t77z2fssy6oxqd0kvr,SELECT NULL;
0zy064oknnmklfptvei9,SELECT NULL;
jpf329b3qge6zogxi4wi,SELECT NULL;
zdgnh30kbs47094ntk4f,SELECT NULL;
4i141z9xidwvcyra3i2b,SELECT NULL;
q0iqoqyivhith2azyi1e,SELECT NULL;
0alu6uw38n4660wptkow,SELECT NULL;
oCzCNRurmke8VlRy6Hcj,SELECT NULL;
g1gbln2ow6p2kevy2ciy,SELECT NULL;
c2uhn6bvob4s27axsumo,SELECT NULL;
g39s0716b6sgzrt5brx5,SELECT NULL;
x70mgl7s7ldkr0fqad5c,SELECT NULL;
bzug2rcY3B9Xyu4n2YTE,SELECT NULL;
sol40gicr6mh8s17t8ll,SELECT NULL;
8gjer5dymri13ax3xrf2,SELECT NULL;
ibr3rk6moq0br9wpnlxg,SELECT NULL;
tjk76c6tbxrzzmhzbbbl,SELECT NULL;
ierbgdr2k9ddfhxxwgte,SELECT NULL;
vfd4rlqvjr1t4qn1176o,SELECT NULL;
a3eeutvg1rc0lua2amjc,SELECT NULL;
92c56bwtspbk4amenb1k,SELECT NULL;
u9s6gejm84sztppylvo8,SELECT NULL;
v86ybecbhv204r0jry1h,SELECT NULL;
bug878wfn0m1v3827qlp,SELECT NULL;
mq0cnyx4bicczkl0o3vq,SELECT NULL;
Cqiu2hfKsunJeXcP67g0,SELECT NULL;
t8bycuo63brokc7ly1kb,SELECT NULL;
rkwjvxqns3hn5o4aond6,SELECT NULL;
nh91sg7wc8mxhyt334hm,SELECT NULL;
r7h1p5secx72t9l2tg2d,SELECT NULL;
4azuhiwsez76x0n3iey4,SELECT NULL;
mhletpeac6nomizm65eu,SELECT NULL;
gadx135hcbqdqvta76fv,SELECT NULL;
4wf28kxxscmy6uj557vp,SELECT NULL;
cihj03cdhbbvoznxcb1p,SELECT NULL;
9dolhi8rkpuylzsw6rfz,SELECT NULL;
mg0zxfri5wv00jcvsuw6,SELECT NULL;
38eiqzz448fni2wnosde,SELECT NULL;
ve8uuuef671s7jtnzgvu,SELECT NULL;
8m18nyx8uc3dlyqfujvp,SELECT NULL;
y5gbcaxbis4o6rrdzho1,SELECT NULL;
88kx64vs75d5g5va06iu,SELECT NULL;
6f7wvy5k06qpbpbrv31s,SELECT NULL;
m7dfczw42r458oxax4tl,SELECT NULL;
uafc133a6sbxysjdpfla,SELECT NULL;
1xsbklq6uikv1de6c1tf,SELECT NULL;
735uljdzifenuq1d3w0y,SELECT NULL;
58u8t6v39mqs3wfh36ty,SELECT NULL;
qifeak87mogv56s2gmjx,SELECT NULL;
768pgyuem1hbtjdicl9r,SELECT NULL;
6yof855fkw6c8ewdqdop,SELECT NULL;
7mzg8yiihgex7q1f3tq4,SELECT NULL;
5xdsnp458u7mmoloy8wa,SELECT NULL;
5kyhdvf03ib18tdpwsa4,SELECT NULL;
db4hxo4zpt4slxtbz52n,SELECT NULL;
rktbk4lkgnkz2alcixk6,SELECT NULL;
iq6h76fq3i25cvipsvso,SELECT NULL;
803ruclsyh7g3rwpgcfr,SELECT NULL;
5eo0c1zka4voa3pm8ijo,SELECT NULL;
ku86fx813xer39xjc030,SELECT NULL;
x6rpabeqrez67kdvde9n,SELECT NULL;
zu55wj2d1vqx7w7tj8pl,SELECT NULL;
2t6xfjpq17i3o5caqb9p,SELECT NULL;
t957iw0s911t2ckltd1a,SELECT NULL;
wgql36qfho5h7hryxgk4,SELECT NULL;
sn5yuzsurxc2krql4wqw,SELECT NULL;
1lsgx30wa5w7d1dbx3pt,SELECT NULL;
93fvp7ssxst0dlsc87d3,SELECT NULL;
o7nytlnw1hdnul2clo42,SELECT NULL;
4ujazdjbttbs4b9cjnfj,SELECT NULL;
ade2togfpduqxx18gkis,SELECT NULL;
bwuwi4lsgr4imx4ssvsb,SELECT NULL;
w5r1pj74ovp9j1z3fntz,SELECT NULL;
6g9ulpb8w49iu0tw6qi9,SELECT NULL;
5ixikozr5piv8a9u1s7e,SELECT NULL;
3rzy4xlz0d4suo3y57l7,SELECT NULL;
waqm2zphk7nbnv3plski,SELECT NULL;
nyv22080bepqkmebr1gs,SELECT NULL;
puxeqcxt7oz6hs3e21b3,SELECT NULL;
11zjrcm3h8pey1fv4t3k,SELECT NULL;
77lrmf9h988n1kxe81ee,SELECT NULL;
wh1k3odcn77m70rkhayj,SELECT NULL;
7tc8hfw9ss1y9uhaycze,SELECT NULL;
84ozqwlsrnvgt27u0718,SELECT NULL;
uvs9cqfrtgaza11h2dd7,SELECT NULL;
0rstgszffwrg1ukvb06w,SELECT NULL;
slkr5wzxbfiw0a8ahzej,SELECT NULL;
cf7k0ulbf473w1gi34xy,SELECT NULL;
nyvhlxx672rr1j5gxq4g,SELECT NULL;
bcw6nk034lwkbjkt2rp1,SELECT NULL;
5912jhpvymgky49agbtc,SELECT NULL;
exmwsi0u606kbmrgrdb2,SELECT NULL;
kkrbnrhho80lyj1uecmj,SELECT NULL;
ppwojdzqhi1jljzz0k22,SELECT NULL;
rl3y97io62xg07kaprpv,SELECT NULL;
I22A6Wdwk49nqphR4pDa,SELECT NULL;
qu6jkc68e1jg6tziqspa,SELECT NULL;
1rxbb58r9ry0vz91o6bd,SELECT NULL;
seg3iqqqb9fm909k9rav,SELECT NULL;
wteuh6acrx138lbr4us4,SELECT NULL;
8ztgnncl99j49p8agepd,SELECT NULL;
2l4f0kv21z51id83dj0h,SELECT NULL;
o82cury9bt7nvzlgsxuf,SELECT NULL;
orivzhmcv1ze0mjhohms,SELECT NULL;
pt7oq3l0xe6zytk9592c,SELECT NULL;
lk0eh1d71ug71xnb7kkk,SELECT NULL;
smr1zqv84by1avvztmr5,SELECT NULL;
4uuv6i5buq5cf03gsf63,SELECT NULL;
kwkr8vj5i4000csdovsk,SELECT NULL;
x2wxnkqtsxeo0rnihucu,SELECT NULL;
es1bpj9sb2qy6aqih6z0,SELECT NULL;
xfd151788mmhrmtphe2k,SELECT NULL;
madi7zlgbspg0qb3xtx8,SELECT NULL;
a6ws1v8bcvhj1cq20wbi,SELECT NULL;
yw1laupcxvhnn22u3rqq,SELECT NULL;
vuy9sv2e1eb8cmdvxknd,SELECT NULL;
mrfmnl5xi4dkj9wot1er,SELECT NULL;
bk8w22cum9xx2rathy56,SELECT NULL;
ndsit37j0189z26qge4y,SELECT NULL;
fc1i7jbbrac3cgiyfvak,SELECT NULL;
9rqb4j8r27by2ajz3ho3,SELECT NULL;
ayooy0wub6bbg447nt8x,SELECT NULL;
gtdrz60ycx3oj9z7ysx5,SELECT NULL;
1ewzcs2c4cii47rmc2l3,SELECT NULL;
7lw5vzkz9hyu707g5m5h,SELECT NULL;
nj301bizyni78lwdf6fr,SELECT NULL;
ni3ip5wuegz0hfmy8g82,SELECT NULL;
y1l239ll6fnulegmmcfo,SELECT NULL;
9ky7187gsvfwb5r0epwv,SELECT NULL;
2i56fv2s5xnx5cvh8ym9,SELECT NULL;
1kbwbakt9n2b3kxxk4k3,SELECT NULL;
jakdg8e4o3g50cntgfkw,SELECT NULL;
aXuVtKRETi3paJPSYVkn,SELECT NULL;
UApeekNEQH6c4cXpoiCS,SELECT NULL;
BV88IaS6adOB0A3OVCRo,SELECT NULL;
ny2kssyvrvfg5rjuolbn,SELECT NULL;
xf6dhn0q8ka8surrp5gu,SELECT NULL;
p724py8uf810fsfn9ui5,SELECT NULL;
dlc1u4esyuoxdrbt6x0t,SELECT NULL;
udx5mmjtfd3lywx6s1si,SELECT NULL;
ud8bqpmo59qtgcj8eygp,SELECT NULL;
otmbuakv5ifiloduqz33,SELECT NULL;
1avqs9371cn0b8hjigrp,SELECT NULL;
adrx6t9x1sepz5ciblpi,SELECT NULL;
145ebaafr7igr1v0a9hi,SELECT NULL;
o7eyy369acsy8gm4gurt,SELECT NULL;
sm0rupchvwnvjyc3orjb,SELECT NULL;
0brfzam2uk56e1b0j763,SELECT NULL;
8ek5uuukt30u65fripof,SELECT NULL;
rhqx8p1woz2n5tcp2p67,SELECT NULL;
sg10JAXbtkKSvB2hJMDG,SELECT NULL;
fy9vm9ykkm1qefn65vw7,SELECT NULL;
raw87q73gz3fmzrgdb0s,SELECT NULL;
3tjckx2f56bdga0hgl8e,SELECT NULL;
7hs6gc7vohgc2hswd9vr,SELECT NULL;
mjgfblmfkcu0gaxg1k1z,SELECT NULL;
o9scu0cgh5vv4altru1o,SELECT NULL;
e46ea54pf8k4ppdrfd96,SELECT NULL;
mg05kq8cfncummp9xoxu,SELECT NULL;
yutwyyhtofgv1wkl67n1,SELECT NULL;
alcnsg22n5h2o1e24du5,SELECT NULL;
913p6ndfzp73wioes24l,SELECT NULL;
mt8si9qxrvhj441gbwk9,SELECT NULL;
qvzpr8xr9j4fzofs6r88,SELECT NULL;
kv6ae0ggh3h2aq6nmwum,SELECT NULL;
cdzzg7db0dd2dafp8k8n,SELECT NULL;
aw8kyawz0dbdc4t0am0t,SELECT NULL;
9bdyaodzrxfnhrfu1w6y,SELECT NULL;
c5saj5gqbyy4c16un26f,SELECT NULL;
okwlci4gplcxbthib1yg,SELECT NULL;
x1v032mkk7d8kdrrbvcp,SELECT NULL;
5h1n9j62zykf04p6pakx,SELECT NULL;
t9qc9lwv3inoo9mea7iz,SELECT NULL;
eb76pnc1ib272moon5x5,SELECT NULL;
79o9OnIPl1M7ahRGyL1Z,SELECT NULL;
8kmohjx9cpkpzsr4eua9,SELECT NULL;
bjuebklehv8vh917kmxw,SELECT NULL;
sc8y1id0bp3q2kr2n9kv,SELECT NULL;
jrylaifjq2gmsvni3otq,SELECT NULL;
uqlky7vc51hzaoqgra5f,SELECT NULL;
jq66dvch52r8r2g2f2sj,SELECT NULL;
boxyo96p4wro4effjv72,SELECT NULL;
u9yddy37ycg759hi1pl8,SELECT NULL;
ms1sx1qrhf94rke8j017,SELECT NULL;
iur2pt9pbzlhsv0202bt,SELECT NULL;
mzmhccs2xqdu9q5pq5vg,SELECT NULL;
bv7074sbm92to0gyfcd3,SELECT NULL;
pdfcfxho0cloj85j40cw,SELECT NULL;
zd3jvl5b1g79o9fwvw92,SELECT NULL;
pft2ja3gxmkjmb1i4tl3,SELECT NULL;
bhxsgw3i9dxsxe5s1er8,SELECT NULL;
e52dg28hbpyagoepsoau,SELECT NULL;
zuiot0zcgp8f83q8mhix,SELECT NULL;
05wakpdie0yyrg1ihg3o,SELECT NULL;
lvjb2swnvh3qlr15qpyn,SELECT NULL;
1rjtdd6l1y0ws82e4cu4,SELECT NULL;
5ay0cvndwboxtvorgksu,SELECT NULL;
1xx3qnvw0orxthag61cr,SELECT NULL;
ekg8cr4xkmg2v145e6s5,SELECT NULL;
fatqp26uts9l4q8rw09k,SELECT NULL;
dc2ca99pxo0fug9gdeoq,SELECT NULL;
jdpiresdprcpnzyo8d0y,SELECT NULL;
8wz20zboekpr7by8gnr4,SELECT NULL;
hZ7nPGV8nCd99rnVL0TR,SELECT NULL;
i2turibm3dtznp4zuur2,SELECT NULL;
7h1imc9og1oabdlidqcf,SELECT NULL;
1p3eln1olq610eqr9rqc,SELECT NULL;
cfg58p3mdtf004d4isqh,SELECT NULL;
of6a9i47ob7jcvsjl1bw,SELECT NULL;
j2mo6k20rr2qk0gtg4ac,SELECT NULL;
l2oQrh1nqF5Wqlv6xGke,SELECT NULL;
jg5g3md0u1v0rfqygul4,SELECT NULL;
gcgbpfs34mpa9b4ovw6x,SELECT NULL;
ufe5anj11sfj2eap9jnm,SELECT NULL;
lnxl9v2g474k20cpqzvp,SELECT NULL;
nidju22h0m5ofzhno7yw,SELECT NULL;
q04mndo704fjv4ndg9dx,SELECT NULL;
v1rs2z9heypm27ayfp5a,SELECT NULL;
1yobiriir4qkvxmhe3ch,SELECT NULL;
pxhge1js8wl0hyxexl3v,SELECT NULL;
3n89pzojmz8tj7ph9bto,SELECT NULL;
ar5f58ukt1f87x6h8238,SELECT NULL;
486wq86e72d1yijvj9mn,SELECT NULL;
uq8zlcbcr7kxdrari7ud,SELECT NULL;
s46ytjzzc4m95y37yrr8,SELECT NULL;
xZ3FzWxArsENqBfqtXXV,SELECT NULL;
q9dgrcrpe2g8g4ac973k,SELECT NULL;
0tnz7mvicxc8dzgk6fd7,SELECT NULL;
m57nl93wi3cef8clf742,SELECT NULL;
JcJ9muOjg2UOiokfDbSu,SELECT NULL;
0j52qxxdc2kndwz5amnm,SELECT NULL;
vcza6zml1y6a288l18lg,SELECT NULL;
ph95kmpzs19oo2srhv61,SELECT NULL;
vz6ibftlmt1d6nuqitv1,SELECT NULL;
uwfng4fn24k6bakk7czy,SELECT NULL;
g92s10dhoq7ip4soulmm,SELECT NULL;
t5lkeqfknz5f8592ihsd,SELECT NULL;
1m7dc0i93flarfmsw6ih,SELECT NULL;
w717zlbwej6z1dbzj6sc,SELECT NULL;
i3m5q8ot81ymwut3hiqz,SELECT NULL;
n9enff2nn8wcah7os5vs,SELECT NULL;
4zd0l65q6o4m8vlc6w8g,SELECT NULL;
vtawnxufjet4qxuxm0ai,SELECT NULL;
8s380tqq2w3wp9dghvfu,SELECT NULL;
j93bbhnrt278jp8qrwbj,SELECT NULL;
hyd2xipaceq0zaipjqfv,SELECT NULL;
ibp6rgu5sbfigsyt7x8u,SELECT NULL;
piigynd8rwtftnxmi133,SELECT NULL;
6ari78hoozgo22gbi4kb,SELECT NULL;
vu4rfa3udq8br0j79ubd,SELECT NULL;
1ho22wdckywk4ajs5j8j,SELECT NULL;
z9jlod8p8d4zspm82tk4,SELECT NULL;
7etnq5hv5oytd67vjr2a,SELECT NULL;
8sjpdz8rtddkk2yl7zgz,SELECT NULL;
ocry18sqpf7fqd9c2a7i,SELECT NULL;
rkzp9724u6bjo6nh2skd,SELECT NULL;
5arn46dullnj7gihhx20,SELECT NULL;
ppq4wegqxmo98iiqrl23,SELECT NULL;
pk5qo2tbpj18a7bz8tv9,SELECT NULL;
6yq865v8v1hyzc3heeo3,SELECT NULL;
ffgsl2uvhb33sj16t5ti,SELECT NULL;
wkfut4e8kwgd38zckbek,SELECT NULL;
2f714ie4p8tb21xixzqk,SELECT NULL;
huweaj7tbc1jnqeb896p,SELECT NULL;
lwoqmo6cdx30b2ayqr5p,SELECT NULL;
opvzrairpxvfcuxiv863,SELECT NULL;
vm1vyasur36c30ezm3wg,SELECT NULL;
4ujj6zxt2d1fdpyokbto,SELECT NULL;
bemmhp1bz00einatn5dg,SELECT NULL;
no2xkirdkctpd2ei4v2r,SELECT NULL;
5pm3nvsbga4smggvckfq,SELECT NULL;
xyt0z4wstbuhbcifbjza,SELECT NULL;
nj3h4nfe36i6j3ry74ik,SELECT NULL;
ul8f4s1fy6m1kbrmmoi7,SELECT NULL;
qrqmckhpf3l3q93o77ga,SELECT NULL;
tsi44si4v2ors9hd9pfo,SELECT NULL;
uh15b05tb69n8yod7pcp,SELECT NULL;
fyvpb9kj375oz61erqse,SELECT NULL;
c97ra9xep0uy4yhdiwvk,SELECT NULL;
s0mm6w5lkdbuf6p124vv,SELECT NULL;
xamwdtrhw4xts932rvro,SELECT NULL;
yef0sesfjzbg4qpnd6u3,SELECT NULL;
cb2qnz0l6hdw987d0f1o,SELECT NULL;
9zno3vu5onuiqtwm4vt7,SELECT NULL;
dssr98jboaoqecs8da8h,SELECT NULL;
zhwww44oex8ffnrg2udm,SELECT NULL;
xyuvg2gmnti5gb8zdhdm,SELECT NULL;
8urgz638jfpfjc193cvf,SELECT NULL;
bwrns7c2isjald726o4x,SELECT NULL;
xc9h3zh8pguenxbxns4q,SELECT NULL;
ylbxidxmgyotmwq4stjl,SELECT NULL;
2esyjixbd51ic38711h6,SELECT NULL;
w9qk5mwcxf2pa3oq4dkk,SELECT NULL;
f1vu53fhg9hmbx29vu21,SELECT NULL;
6ge9rrwxp5yigld15ig7,SELECT NULL;
tz33ukccqs15iimxo6nw,SELECT NULL;
77yqc9kl0j6sjh3r1yrg,SELECT NULL;
rsw2u6ehj93xlylbtp0l,SELECT NULL;
trsy8sk1rirzinj0je72,SELECT NULL;
vq0eyvwlnig6hqsfxyxl,SELECT NULL;
9dpvm7y6nfrgtguljzrt,SELECT NULL;
bzvhgriz4msyfyj1t3fi,SELECT NULL;
bpzwccydcrhmhstfcwiu,SELECT NULL;
5yaqe3ouxnebjijlg47e,SELECT NULL;
0cymmmqdkolj14b6ozzs,SELECT NULL;
ESa9OImKjdDTwVEOrIFG,SELECT NULL;
2ic0n0zqxj1jk25ww11m,SELECT NULL;
f0ve38fdeturmem548dn,SELECT NULL;
qr0u7t1yq5xq3meaotmj,SELECT NULL;
1m3ei91mrxk9ko8td4no,SELECT NULL;
fcorf3jy8pqjxj9fttfr,SELECT NULL;
rkrizsj2ruobvhzzzf5i,SELECT NULL;
5DMaIiGlNRM6Y3hiAzFJ,SELECT NULL;
qw8wvnq0tvu47oziul2c,SELECT NULL;
mcl6y89na7iu1wyfvd98,SELECT NULL;
qawna5ovgttf3zewz3vw,SELECT NULL;
fopf24kdfrbwmqdq1ged,SELECT NULL;
z6tdme3wcfztiy6t7wbw,SELECT NULL;
wlq1a7msl9xm3gulc02j,SELECT NULL;
f7czrlj4436gz6v7n8vu,SELECT NULL;
wus6gucywps1w8ylht0d,SELECT NULL;
ke6trp9wn4ch0kdgk490,SELECT NULL;
gqjzraohdddh53l15zpe,SELECT NULL;
594t9rz5rysmqclujw0z,SELECT NULL;
63i0fky27ohgh6itgz1j,SELECT NULL;
29mh5ew5uis1mfdive1e,SELECT NULL;
qivptbs028jwxebvyr5s,SELECT NULL;
mixje8hdsop1dprdu5zs,SELECT NULL;
pge3vvapd76v1hfi2sel,SELECT NULL;
neib57vah61zahii7si2,SELECT NULL;
j8k9ovd76s5heewda3z8,SELECT NULL;
m8zel22xwcvdm5xrl6l4,SELECT NULL;
2irpwsqq9v7jcq9zas6y,SELECT NULL;
urkqgjbg3wwkhh8p0g9c,SELECT NULL;
tbetkap8eszhx4297ws7,SELECT NULL;
6z0ndu8rccw3cm4trbdo,SELECT NULL;
ri7mpi3ygqj0003qsfou,SELECT NULL;
ri2kclis129t9pybb575,SELECT NULL;
if3bu7xadro9pcndh9rt,SELECT NULL;
1uodth6nz975pex6188w,SELECT NULL;
m8vn7e8od5jz10ufopke,SELECT NULL;
edz68mor6tc6nf58onf6,SELECT NULL;
bqka0akbi9dut5iuh2nj,SELECT NULL;
u91v6wn8aodrvqd2jzr1,SELECT NULL;
s831boieqjedxb4loxvy,SELECT NULL;
6xp3d2ksa9ebgesmws95,SELECT NULL;
lcf6fg5v2hnhvl4ovzdk,SELECT NULL;
3iwqyylmrm6athjuhckr,SELECT NULL;
uuqmlwk0cj2zi0wdv0uc,SELECT NULL;
nlzqssfrck41bnxorkz1,SELECT NULL;
5qh4u8796hw6acta4onq,SELECT NULL;
c5vgwy078uvnrv9lg7kl,SELECT NULL;
qvztubf6rnnc896jwefn,SELECT NULL;
xysa4k0xpn6yfz4pbssq,SELECT NULL;
zjj9qmqb0xurgw5e5dld,SELECT NULL;
2gry9vl0jm0kyhmun6o0,SELECT NULL;
pFbhBepiXwPu7RfgzFsJ,SELECT NULL;
t5k58pgwpo350ob7x2rz,SELECT NULL;
afdlu7789g0kd40nuz38,SELECT NULL;
gmxfmrg5dcmeczh58fmc,SELECT NULL;
vl8fjwlcj1qv2512jdbt,SELECT NULL;
8ouyx6n4t3h4gltfs0zu,SELECT NULL;
xiqd9zyl6unrkj1mppqr,SELECT NULL;
qlhoq0k5y9ur66dhafe7,SELECT NULL;
vnd6tmyw3raz0b4wew0v,SELECT NULL;
fg2dutqkcou0jgaf3t1n,SELECT NULL;
j4ey7bypeendjdr9tjur,SELECT NULL;
tfkz83i51ruis5zwu32j,SELECT NULL;
h1h6plva3leneuo1czw5,SELECT NULL;
ainhtkegr9l2uwxkqtrv,SELECT NULL;
zqmbp741a8cpxatg98w5,SELECT NULL;
f8g4jnymeq92kxmdlqfa,SELECT NULL;
z4yhlml1va497vb7vwyx,SELECT NULL;
xup5fzexraaybx3k23m0,SELECT NULL;
fnsg7juarap21q64b5a1,SELECT NULL;
cinw6l5ugl4xpbbogu7o,SELECT NULL;
4m7wpbi46u9zy5xsa09i,SELECT NULL;
bt3xrlcoo4bflg0qq2q2,SELECT NULL;
8cij1p0m1kyy5mhu61x4,SELECT NULL;
bzr2evadyrob5yiyq40t,SELECT NULL;
98nq8ya1q5pv5zahdmtk,SELECT NULL;
3n24c8id7t0au15c5g6f,SELECT NULL;
pylhg10t9ty91f0z9h5a,SELECT NULL;
a4y91alm7uvl5knfaxag,SELECT NULL;
zkho4fzbtht53o1f6pam,SELECT NULL;
117tcocc6htljkegncve,SELECT NULL;
1a0nplrgfg84jkorv8nj,SELECT NULL;
v50w4aqbqg90tgjr3f0k,SELECT NULL;
glrurqrjxmxfr78mngnf,SELECT NULL;
r1vlm2tbiai2k7tymrt6,SELECT NULL;
747axjtonjcck8g1jsxh,SELECT NULL;
27d7gysu59cobgbsy6ju,SELECT NULL;
nynarn2sjdip10muzv9u,SELECT NULL;
c3g37d4e9d3udgoxnnef,SELECT NULL;
sff9fslebv8ey2xckm05,SELECT NULL;
h65eyiq6si4d3fyb4blk,SELECT NULL;
wjz1vw97oyci4rt5k971,SELECT NULL;
bmlutznv5d8z5ljzjrpi,SELECT NULL;
zb05o8uajbj4w4fw2ecq,SELECT NULL;
81raa3uwtvds9kt264e6,SELECT NULL;
kbg228ay4q403ykqchi7,SELECT NULL;
7mgx5j2mtond98qwr3j9,SELECT NULL;
e8hrj3f8qzuy9rtklazr,SELECT NULL;
3cqmzrk9ldv8tg8uwr41,SELECT NULL;
16xfxyfu2qptvgvejflr,SELECT NULL;
nygn5n9rgk6n226q2qkp,SELECT NULL;
ra029g6aidb10289fjei,SELECT NULL;
7n3c4sbkhc0ed44u2r2i,SELECT NULL;
95kkui75ton33hu2d0qz,SELECT NULL;
zdnzouqti6v1n9psixol,SELECT NULL;
2s3o9w292ylanvrluidn,SELECT NULL;
vzmm5fk5ikagvncizkzu,SELECT NULL;
1ti9tjjlf6xg2tq2329t,SELECT NULL;
ffznu5k1pov4enorkbtm,SELECT NULL;
wgxrzy7cb0yukji0kszk,SELECT NULL;
klle9dqt8dt4h4bkzrko,SELECT NULL;
sc2yvil2g8j5oxtrx8ua,SELECT NULL;
cz1clpww5xqa8sb3nnpu,SELECT NULL;
5polmdswbhhsdhglg1vj,SELECT NULL;
qe8aziapso75nm84ki4m,SELECT NULL;
4i2u3b938ffrdgh1hx47,SELECT NULL;
e1pwqqcv8hnalsrk1yyn,SELECT NULL;
abxwfv7ten8gxl0a08rm,SELECT NULL;
9x1xpgabeqe7enznmqpx,SELECT NULL;
n6pwlzo6jzy5ehjudmc5,SELECT NULL;
hd96kr79wy52azvf9bbn,SELECT NULL;
zy2d9ie69lfjvhgvy3ev,SELECT NULL;
loipnvmmoy0aqxg5bxdh,SELECT NULL;
r48yl4i5wbcen7uc60zv,SELECT NULL;
zqu2gudbkmj4k46vmb1z,SELECT NULL;
5nioyyqgjxslv7xfey8u,SELECT NULL;
n6zky6bqt09yx5r1zvyd,SELECT NULL;
llrsv6feh6cscyfxj6o9,SELECT NULL;
fayby2hwdol08cl5atsw,SELECT NULL;
76qbv0vi9nywz0ojwxw2,SELECT NULL;
zvupt9qb1k5meqm30ru6,SELECT NULL;
t2khy8bybepuylumwkn1,SELECT NULL;
ln29v9oy0iwj4nuujw9s,SELECT NULL;
u4duhr8iides8vjzdi20,SELECT NULL;
c7ee2ex5z2tfmgesxo56,SELECT NULL;
rdn9l3e3e4091j7n5jgy,SELECT NULL;
f4xyoi06kzdxfw2olxtc,SELECT NULL;
n7b9r55n0t6vrbnc7f82,SELECT NULL;
ft8c1s70l5rw5cu977tm,SELECT NULL;
zafr1smtnjwmum11ivf1,SELECT NULL;
0cl8endw5sx01aq8siye,SELECT NULL;
b3oja717iabpn7gpulet,SELECT NULL;
ajoz15aa8hor2t64b335,SELECT NULL;
5u7nas5j201tpe9odjh5,SELECT NULL;
mu2gffu5eyzbl8c9cxom,SELECT NULL;
1qmrr4v1mav0zpb73n7z,SELECT NULL;
u87yjzwshhsgnd3ekpnf,SELECT NULL;
5o6scr87c7afomidfc1a,SELECT NULL;
j7qmnbx6woce4hzc7q8y,SELECT NULL;
9fsg3ayc3nae4h82ujum,SELECT NULL;
gxdejo77wy78hovcy0jm,SELECT NULL;
rznkb2dycerwg9jpoiok,SELECT NULL;
9zkz571asx9io7l8blwc,SELECT NULL;
w206vz9lk6lhzokwj3ez,SELECT NULL;
jh5pz6z613rq8tzl0i2u,SELECT NULL;
mztz8x3bxpxx1rl8urh6,SELECT NULL;
brgc59k13tku7xcpzz8t,SELECT NULL;
gok2bwa8madygq5n7v7q,SELECT NULL;
sdwaoegpi643kirjqky4,SELECT NULL;
7jqlr9jnhv0351nu32in,SELECT NULL;
7hwmd3bl2gzj35olg0w7,SELECT NULL;
a2hsvmda99cvnd551f6b,SELECT NULL;
kwzxgcws71hl9xwmx83z,SELECT NULL;
i65o064wl41mea09d8mc,SELECT NULL;
n23uq4hu3uyf7tet4qoy,SELECT NULL;
4bg4ja2fc2zfx6eihofj,SELECT NULL;
izfonahuuss5imbpeyj7,SELECT NULL;
moja565o8uiw12ocoewu,SELECT NULL;
45khub7s1kkm3tdpazf1,SELECT NULL;
g5x2xnpjxxctr3s2y90c,SELECT NULL;
mzhbfbwy1o9iqd1jhw7u,SELECT NULL;
d8xv7aw3upwr5ryggror,SELECT NULL;
ii91cy0z4tyxjdv3s8xt,SELECT NULL;
04ip2o3dpayepu15ztmi,SELECT NULL;
qkv2xullk0fv8bmy6xws,SELECT NULL;
rt64dfy6y8uush0tobd2,SELECT NULL;
ri42wwjo5ct2a8qmrp2h,SELECT NULL;
hc3fvisgpq8year2ew72,SELECT NULL;
btp30ktynrqdhg6ojb4h,SELECT NULL;
d0z60gyp7fy113unj75i,SELECT NULL;
81sq3lzevkvxgsoc918c,SELECT NULL;
ly6oc3j5bqzffwkx0l5g,SELECT NULL;
oi9uvj7mdz04jpg45x26,SELECT NULL;
fr6q9o8quamrucsz3mvk,SELECT NULL;
vlf5egdtekhw6n0i1yy9,SELECT NULL;
7k2cczne301qijhyyyk1,SELECT NULL;
hk9f3bqooyh0ueksr53i,SELECT NULL;
z7ytsnulxckbxpyrlfxp,SELECT NULL;
igqibhokx14t55nmlpkp,SELECT NULL;
rk9wubf7nfbxptpuo89h,SELECT NULL;
4memwgfdkqbb3aqfluzo,SELECT NULL;
m7t19w5xkso1ysbl9pwo,SELECT NULL;
8jmwrsjqemwzo5j2f5kt,SELECT NULL;
noev5bra6b5m1oxbi72c,SELECT NULL;
uvuzcqtsm5yct97lhxux,SELECT NULL;
b3aeb8n0p64e1btbqho5,SELECT NULL;
fvzfisyutmfvln8zvbtq,SELECT NULL;
e38hl1gbyte60egu79qe,SELECT NULL;
bt950xx5880ikpjgqf9l,SELECT NULL;
tg5znlhy2f06hxhfkjl8,SELECT NULL;
x0bx2nnjngdv20pkyz9k,SELECT NULL;
3z7x23v0by63e6ipag4a,SELECT NULL;
sm2x2x30pxvetbn1hmhf,SELECT NULL;
8BOYOBJ7VsNW5Gi77NDk,SELECT NULL;
at5wr4wmigf92egcus8z,SELECT NULL;
6qkur4r4u14lxmazrcmz,SELECT NULL;
sema1srb3y0k5clxzns6,SELECT NULL;
26jb3xhpa0crwumjaoub,SELECT NULL;
2ctg8rqrl7lxsr6cj8q4,SELECT NULL;
3ognjpz77wwe1hbj54uz,SELECT NULL;
j7kmzuf4fxdzxq1niop5,SELECT NULL;
xqzd2eoap9x0w8076628,SELECT NULL;
dyvwhu5huz7ug9fpoayq,SELECT NULL;
a6jtcbcm6wa6kfqdauga,SELECT NULL;
le51y18ic1esureaq4pf,SELECT NULL;
orixpcopucwnoc7xn650,SELECT NULL;
qtx8x8z02umivlysjp76,SELECT NULL;
wuk0fmtdhknrgx0hc8vx,SELECT NULL;
fmpwpfrmof1s9thrb7cs,SELECT NULL;
sq21bnqcy9atqz4f51yq,SELECT NULL;
wf1m0e6wv0qyc8mn5kd3,SELECT NULL;
uqazat1dajomx4fehwa4,SELECT NULL;
iuus03lmohohiazw6207,SELECT NULL;
fhir0jyues4auiwjmz55,SELECT NULL;
4z66ubkm0hc23epl6csh,SELECT NULL;
6776tg4qz4h0bhngs2ix,SELECT NULL;
vxhxu7uanjd0z6kvtdrd,SELECT NULL;
pipraln36lvx26ngbw3f,SELECT NULL;
zhbcphbqgl106hf0pm4s,SELECT NULL;
92850ba28mo0wz7l5w1u,SELECT NULL;
A4GMBRTjttBc8pngoZc6,SELECT NULL;
sy26dwbrd00obeg28xce,SELECT NULL;
v56jxr5g1kaxj05t8zc5,SELECT NULL;
93x6xc8ujbww935kt83l,SELECT NULL;
z1odzbvsn6pub8aort62,SELECT NULL;
cz0lqmlo8b1nyvl4t779,SELECT NULL;
vgcg3bf11vkim1or2owu,SELECT NULL;
z3m2y3hfyfxemm4sdc5m,SELECT NULL;
o5ar1qd1el0s5ogm5zz2,SELECT NULL;
pnpb7x2il7t6zorswiv1,SELECT NULL;
24pz5rzii8kwmonfu9ds,SELECT NULL;
049y6nt22xoj673r2pgv,SELECT NULL;
7ipt89xwbgdeahh8ddbm,SELECT NULL;
nmk8qa22360ydzv82lrr,SELECT NULL;
8vw9ia3lffgcqb6apl6z,SELECT NULL;
45s3rp91bsiwp51u86je,SELECT NULL;
myvf3l40g0j0uvwwcofh,SELECT NULL;
90x5dl6sgldpwet77x7o,SELECT NULL;
7nz91594d5rhi5vsh9lo,SELECT NULL;
oedob264u6s2flg5c5t8,SELECT NULL;
vhp4te3qjxgxooqpumv7,SELECT NULL;
sxrpwpcnoyt76umeu6p6,SELECT NULL;
dsria5wcuiv95lul6a75,SELECT NULL;
NK31xTaCTN9Due708Mr0,SELECT NULL;
vp7kaio9v90zfkklk027,SELECT NULL;
a6ety0foa0ae2anooyk9,SELECT NULL;
jzar9wg4q10rak1ur10t,SELECT NULL;
owmp3nq5igiqiur43ttn,SELECT NULL;
7pig05e3ulhm23ubncr7,SELECT NULL;
etwvdyvfazxsez1z0pu8,SELECT NULL;
7mrrzicr83kqiozmgklb,SELECT NULL;
yc3ckav3i16c8suc0jr6,SELECT NULL;
yujzxhxsouj3cq88iu1o,SELECT NULL;
8itubpd5aajb5x6703pn,SELECT NULL;
la3ok0qls4zlruz6nsh6,SELECT NULL;
z0060znfohlr795szb7e,SELECT NULL;
2cwy2glr1m3xxbjmihqm,SELECT NULL;
xraay7kplyl30lrbqk9i,SELECT NULL;
haxqzhrfmc5z71rq8np2,SELECT NULL;
3wlpoag8o69u5u842l4t,SELECT NULL;
z2u8g042ub07kipxpils,SELECT NULL;
783kfnfqik3a0dgzxezc,SELECT NULL;
ob68vtf62hvuy6iinw1t,SELECT NULL;
cp8nor7cvqbgb4ws104t,SELECT NULL;
vc7pcnrb2hl3k1qbec7c,SELECT NULL;
rpipe4ta8zCjg0useNnJ,SELECT NULL;
cicefcsytcjpbovend2v,SELECT NULL;
gi9tk9a2ud8u82lhkgfh,SELECT NULL;
suox1raem6erlqrzgm1l,SELECT NULL;
nw0fjbq2qhgjtlekxmg9,SELECT NULL;
d56d3f4pgv0by9c1nbvp,SELECT NULL;
xe0s6itcp9rlgcbqy9yl,SELECT NULL;
3idhpjse0jr3g54xgkl6,SELECT NULL;
fvq14kmkbed92dbmrg1a,SELECT NULL;
29azy2xtvmvpty5c4dex,SELECT NULL;
zxbhzlfx249rjl9qxxa0,SELECT NULL;
r1bkyrjohjx95gxw5sbg,SELECT NULL;
5ymcbyb190pzcwd0enj2,SELECT NULL;
w0faqkaot4qwqbvo1ezd,SELECT NULL;
9yf956o9f5bezw04kb6o,SELECT NULL;
sy62kjuqijuabjrk534x,SELECT NULL;
k0p4od45pteyot2dih3m,SELECT NULL;
wqh390ftif1ugg79w5gf,SELECT NULL;
upp11synv8y1gx8t9yrd,SELECT NULL;
r17b2fei8zc2981tk22f,SELECT NULL;
mh1fqpjym3tdocl57abd,SELECT NULL;
uyvewqaxo7x58r1tf7s4,SELECT NULL;
ejha6ongol64u7hrsd34,SELECT NULL;
hdo7fa9d7r42kmfbcfo3,SELECT NULL;
k7fcv743dyr252vxfubq,SELECT NULL;
7lzwx2w7sg070ly8ty7o,SELECT NULL;
e5yznfyee8f87o2re2ml,SELECT NULL;
buv6krmfskl0m5ms0ayr,SELECT NULL;
93bvr0rkt18vh7fcbt67,SELECT NULL;
cc434r7rhaqog317oulf,SELECT NULL;
vqbhhimep4bvov1wm6qm,SELECT NULL;
w2omaz5la44yo45cgbrf,SELECT NULL;
f863vff5cqa11qedy0w7,SELECT NULL;
vle5lm8yee2tuy28em4q,SELECT NULL;
zy88l329mts74tdbti9k,SELECT NULL;
e9lmni2i34wb0mzwjn8z,SELECT NULL;
0bxh4qme1z45032aem09,SELECT NULL;
miuxtw8qnc0apoje0npa,SELECT NULL;
eiu6arg7x8tniwb7w9h1,SELECT NULL;
l1zp0sxze9swkh5z0g0s,SELECT NULL;
7bxxn84r30babe4e4vsf,SELECT NULL;
EKMLXIgT8G5KD5ig7BeR,SELECT NULL;
snwt4dthh4aw7qpp0m6a,SELECT NULL;
3wix78da2waiifc2ky1r,SELECT NULL;
a244bk4tbbjk9i6hmypg,SELECT NULL;
ntlo7o8wubxl54mhiwgs,SELECT NULL;
of0fgtql6q78axg5otal,SELECT NULL;
uqafpbzcbk359ytort4j,SELECT NULL;
jkyj77xmy49y2c8aae67,SELECT NULL;
spug0uvlyqs0ode40imb,SELECT NULL;
uwvrswvi32yggbhfyuln,SELECT NULL;
46eg4td8jlkjyepve0sg,SELECT NULL;
xxp9r0mvjq34f3l0gcpy,SELECT NULL;
bmbaupciluwqhcg3xagb,SELECT NULL;
lz3no7otdt2bxp3bje2z,SELECT NULL;
mi4zc1r465kro6d6pta1,SELECT NULL;
gcdr214jiejrwoh0jjy1,SELECT NULL;
srnyg12370m1jv9kmrg2,SELECT NULL;
81tpobv5mwxb4j436exi,SELECT NULL;
r0d73zx6s88guhw832u2,SELECT NULL;
6lizwe0bsq9uc44g65my,SELECT NULL;
wv34vj0n8bx8e581nkf6,SELECT NULL;
aexp8uo6dgqsksoguvww,SELECT NULL;
i59gelxn4m6xt7shhyuo,SELECT NULL;
1rt1u08jwy9tne8dlf1p,SELECT NULL;
7vy9aabg3elqy79udrsm,SELECT NULL;
urfk71holedwlw6u3g9e,SELECT NULL;
us66unfnnla6v3fgyuwh,SELECT NULL;
3qdueky7kwt6yq60tpgb,SELECT NULL;
haifiwxox2s6f6cub09r,SELECT NULL;
zj670qil1eykcleawct2,SELECT NULL;
upbd0y6fwedafh1o6to7,SELECT NULL;
1tuy56dts3olkn6i8ffi,SELECT NULL;
rkr8ntlj4givg1w36qny,SELECT NULL;
qoz3eqyjg7ledqjww3jh,SELECT NULL;
fu0b4h6r5lfmcmb0bzjn,SELECT NULL;
4vyy4o3f01xshy2k3ko8,SELECT NULL;
o48p5p79f1sf9ez8y3y9,SELECT NULL;
npuzpkjtyjiorjfcpj3a,SELECT NULL;
szek7vjceajjfah3eid1,SELECT NULL;
yjhykqpxmk67nghtgaut,SELECT NULL;
xi3tmmbbhzd7aaaeitif,SELECT NULL;
xw8z7jazybwp6lnjm0hp,SELECT NULL;
t1vzwqn7eyss5inag6dc,SELECT NULL;
4x0394989gnyel8hvtjy,SELECT NULL;
5kcxz3dy69nsqasofdg8,SELECT NULL;
ugm4kxz0wrspf89iewld,SELECT NULL;
q21ohae9um28uvhfwomw,SELECT NULL;
v269ovwem3aspvx49uqb,SELECT NULL;
5buc0hopri7dkvgzzdyf,SELECT NULL;
rhksze13761ic1o2de8n,SELECT NULL;
5xzdsx8i32su0fhefb59,SELECT NULL;
jyqp9xif5wp94j503a88,SELECT NULL;
DrrMS6mEeOJivCTCEcCc,SELECT NULL;
u88poizyc11nivgvnory,SELECT NULL;
ocodo6ny86tz12lgu8r6,SELECT NULL;
56fc183rvwr8ip9jciyu,SELECT NULL;
pohc0ir79dklt5tszdop,SELECT NULL;
g1tvntzqu6ud40e1ydq3,SELECT NULL;
srux90vslnedp7i6jn3a,SELECT NULL;
okqq9dkdg8ez5pk2j4d9,SELECT NULL;
71k2hphha8k3d4fyropj,SELECT NULL;
98gv8ikma0tgaxhqg55m,SELECT NULL;
ugnoqm3jaeu7qoslaojn,SELECT NULL;
I6ygqjPF196OC0kS5Bwd,SELECT NULL;
m8fspf81yxaa5ixbi3fd,SELECT NULL;
6ata40htamr3iaa2r52b,SELECT NULL;
ssfcphu7360v23dmw9ql,SELECT NULL;
2kljxvk9496algeo8zif,SELECT NULL;
2vw7kz8onn5ce5bit86p,SELECT NULL;
0u7hqakky8q86xjlnzp5,SELECT NULL;
u2gaoxhuhrguuxcwtdmd,SELECT NULL;
gv5i0b3fbilggsmiyhgw,SELECT NULL;
Q5e4zXsEX3sObCRPQELy,SELECT NULL;
slacplpbws9j9y3gkdg4,SELECT NULL;
ezkff09rtktq4gn2nlou,SELECT NULL;
y0ek77hd9rfrb43vqg21,SELECT NULL;
59lfyh4tcpbak9xdk18g,SELECT NULL;
c3jswwh43zoyqh6yx039,SELECT NULL;
ip0nw395iu3mqtn1hfpb,SELECT NULL;
x41xove4asopy8srpfpu,SELECT NULL;
llhli14xjhkom4s8is3g,SELECT NULL;
ut3bs5ra6a8lxad1g23s,SELECT NULL;
wgn0c2y1hbo2fokp8trb,SELECT NULL;
xt97fxqun17gi85iges7,SELECT NULL;
bs1565xibvzu8x87u2ac,SELECT NULL;
wp7rele7o3rp9esma8q4,SELECT NULL;
gga4ayr2ufs5xurgxbtn,SELECT NULL;
rhyy756i1bvhuh7ic83v,SELECT NULL;
ki6ujwrsf839uq3qv1e1,SELECT NULL;
bxe3c4t8hd7a8ycqbv12,SELECT NULL;
oszb9zsny9dggfwdpgmf,SELECT NULL;
sypy5csxikcfpmyl1ru1,SELECT NULL;
0u43xfge6n88memwlk5s,SELECT NULL;
p7k8b69z4na5eawxu1hn,SELECT NULL;
sr8kt8fdub45ja724d9n,SELECT NULL;
0g8ce9qfryhn6egemrph,SELECT NULL;
00ucq6a53fv3n51wev4z,SELECT NULL;
nto46bol4ar5n23xpc0p,SELECT NULL;
k1kyu0a5kddotrbnygzf,SELECT NULL;
5vtdezbmu2msc9sfjnpa,SELECT NULL;
393snog89lkry7gvlfdu,SELECT NULL;
28e3og1kn07ebcfkef66,SELECT NULL;
jd2ob0sc0r9fahe6z6r2,SELECT NULL;
v2be469hef40ddbi4fha,SELECT NULL;
csj1pb0skatcjm0n6zhh,SELECT NULL;
qqn57jkdtdxi59znuddg,SELECT NULL;
nc9z0nmzscjumktjmf7k,SELECT NULL;
h0gearuxsukvtjkyqqvz,SELECT NULL;
p8nk338348f0nlicypjp,SELECT NULL;
h7afru5gqoux85xxcyaz,SELECT NULL;
axz5nf5ryaq8olgix1gm,SELECT NULL;
3we4da8ulbunfptt4baj,SELECT NULL;
uff2slje8cy1ikrwt14l,SELECT NULL;
g0blp8nuzwnvnvu77m26,SELECT NULL;
jtfdl070d1tz0bpb6wss,SELECT NULL;
g1mifqf2fqkaamx14e82,SELECT NULL;
90in2jn3mh68c0f6ivqx,SELECT NULL;
e6kqfemy724u1uvl222d,SELECT NULL;
sqwc73ullmik9dxcr9gm,SELECT NULL;
qyauo3qmxfcpca31wb4l,SELECT NULL;
0eqowf324h1y67iw70rz,SELECT NULL;
hkou2o7dmxbqwen1fegv,SELECT NULL;
jgkgmoq8ll9i0nb4kftu,SELECT NULL;
g2h8g1fl30dgnytzb4az,SELECT NULL;
8f4uopvykof2bkd6jjwy,SELECT NULL;
po58eavzjxvduyyt5zlp,SELECT NULL;
0n9ic4iiqt2z69f5h9tz,SELECT NULL;
yydoqu30u5ii600el9ed,SELECT NULL;
y0j0zdcsg1k4vyih0jk6,SELECT NULL;
sw1xatazkgv02e1inao6,SELECT NULL;
s6gi8j2m833o2sg9j3mq,SELECT NULL;
6ybvpagpugdlb0d9naw4,SELECT NULL;
jbeqdvmyio6btjpq92xe,SELECT NULL;
myieib9n40wkw3ewhcgz,SELECT NULL;
15ffbvp3iz7vgcvw5g9o,SELECT NULL;
f5fn3wepcbv1wadcs3r7,SELECT NULL;
1s3f31qelcx1t01k8h5j,SELECT NULL;
rw3jdjk5lussl9fm37bl,SELECT NULL;
5y2lchgp4qvhv11fg0a8,SELECT NULL;
x43ws3dp5yibq7hqww34,SELECT NULL;
186zwl28aenjwtbps3u1,SELECT NULL;
1lgkokvs0iha36mxjwqn,SELECT NULL;
0kqsnb9iacp70vjssbqd,SELECT NULL;
mp6emrtdnna8tz02khnn,SELECT NULL;
w3e3li1i90dnh39adz4o,SELECT NULL;
eeh0irr4w8krbnx98ufo,SELECT NULL;
j2ebesx0j4pg9hdh5oun,SELECT NULL;
nx5vg13774g91r3yixz6,SELECT NULL;
zxfg4q5rqzxayhtlls4b,SELECT NULL;
lom18nvbftnp5mjeoac6,SELECT NULL;
t2jxgtzrtp9lqt8kemsw,SELECT NULL;
8d8luxytzbt5qn5pbuxu,SELECT NULL;
ALNbKtM8SFEB984aRxS2,SELECT NULL;
8j17pua37ho8yslo8klz,SELECT NULL;
z7rvjbu90pblmutlozi0,SELECT NULL;
fkll6gjdqhfip9o8167k,SELECT NULL;
ii5xawolciaxwm8a2nnm,SELECT NULL;
2lfjq90ceild9ef6aew6,SELECT NULL;
11f9laeec609x5jakybv,SELECT NULL;
25iqtyffuh2sp5ixi7nz,SELECT NULL;
o3awjrrxsy3bdo4mglxf,SELECT NULL;
frqvl5mefp5dwc90ubk0,SELECT NULL;
ss8h5litsl7y13d6xpec,SELECT NULL;
ha4stn6o3fgd0etw2yl8,SELECT NULL;
xe2mv9tdkco8f6di96jr,SELECT NULL;
olup9z6hiz3dn6p259jd,SELECT NULL;
fhuq60oo92oi8yjb6ion,SELECT NULL;
9ur1z2y76jz7zr6o338t,SELECT NULL;
8iiqwnvg13f2ath2671i,SELECT NULL;
ab8jr4w2fb4fydco1kbi,SELECT NULL;
76ohv1w3pxw57z6du65z,SELECT NULL;
7mc5vvv9f5pjfytvjnmg,SELECT NULL;
w58ajqfobfbotuqgzj94,SELECT NULL;
ot2r0c5heim0hpm0k9tj,SELECT NULL;
pug2qm5bfqim1w7jh04z,SELECT NULL;
9p5bvlt95xil4orhlnxl,SELECT NULL;
6xr5untfehxqg3ndu3o2,SELECT NULL;
WSc0Bw2yU2iNoYEtfFZu,SELECT NULL;
r5kf4h7ybf9wkmzqtl2a,SELECT NULL;
srduvgujgbcyiq5n5f7i,SELECT NULL;
wkqoa0sakvm6lya7w4vf,SELECT NULL;
sl51oo54o6ptshcnxsrd,SELECT NULL;
8navyvpesryz3um3yfmq,SELECT NULL;
bxar8guas0qhii3rksnj,SELECT NULL;
u2sz4kdip6bsa8yif1z0,SELECT NULL;
swzyx0xcdc8ll4bhgo9s,SELECT NULL;
5xl4lmdzrmilpvqd3apn,SELECT NULL;
qq7kzzbx4apg9wfsi4zd,SELECT NULL;
lr76s57bakpyc36zdy7c,SELECT NULL;
0uwrynxyrlbewytoixiu,SELECT NULL;
86amuwio63c5ru1y4948,SELECT NULL;
u38s2ra05g9wkngox30n,SELECT NULL;
35crazmbnm98nrrs8axx,SELECT NULL;
v1rioxodc19k29rfbmbb,SELECT NULL;
hmzgey7d5yxypm0wd0xy,SELECT NULL;
7cn59zdjbqc9cl572i9m,SELECT NULL;
iwnsnyxnhb9hvyhint1v,SELECT NULL;
6wyp02ii2ivatsy2sm41,SELECT NULL;
hejsto5huhkvr5vq1ctq,SELECT NULL;
df6yiv6rfivzzlay8zrb,SELECT NULL;
1ar46z4w6dg2qk42h8ui,SELECT NULL;
defmisupvrh8fn6yjc30,SELECT NULL;
a0ret7dxx6msl42v1oet,SELECT NULL;
xnhbazvyzq6hq3rpizv2,SELECT NULL;
1mawtwcydpzfqe0bwk2p,SELECT NULL;
tpfBskIFMkEU6Z9nbjfX,SELECT NULL;
jmn6qk8kzijv7f2wwaoi,SELECT NULL;
k0jxy9bdu9y9pw2um4xe,SELECT NULL;
rp0ts0rlqr27f1o2fdkb,SELECT NULL;
n6nm5qseswypsqatn2ux,SELECT NULL;
4ldfpug679bwf3to3a0j,SELECT NULL;
ojjz0skatqzyeblfgx1f,SELECT NULL;
rj9vditnge0tmhmjt8rz,SELECT NULL;
h8ed900dfu1pxogjpp22,SELECT NULL;
egk10923dbl84lwi5dx9,SELECT NULL;
6xo1cfiq1ky49raclin0,SELECT NULL;
0ot2eah8hi82hrk37jkq,SELECT NULL;
msm2hzrblfe5uh7645a1,SELECT NULL;
m9h7y5ch6fo3lydgcs61,SELECT NULL;
zu6adbjiea4v16hfomcb,SELECT NULL;
bu2y4zem0tbeuwlwdw9v,SELECT NULL;
0kv7zkdv2l6gtisde2l6,SELECT NULL;
udl3uir03lszx0bb9hr5,SELECT NULL;
14zdvamoryqk5t1ggvx1,SELECT NULL;
v80mpt6oehfk5fqvuaia,SELECT NULL;
t1cw6me2ufywsbtf7hza,SELECT NULL;
nrwv8sve5my93k1tm0kl,SELECT NULL;
zhkelwr3y4zj2apis4sm,SELECT NULL;
toi578455zlqft56dxe5,SELECT NULL;
61dabcd4900a9zb0ain0,SELECT NULL;
qi2pf9hlwid8p26u56rm,SELECT NULL;
60jhv0dlztbwxy4dlgg1,SELECT NULL;
8hxdyig4sk76mmr368fy,SELECT NULL;
epv6jqi8qnzgievr8xg2,SELECT NULL;
sqha8yesny14f51uukrc,SELECT NULL;
am8ADLuNS5x2UWdkBsaJ,SELECT NULL;
8lflf0yxjpf2w7w1tpp6,SELECT NULL;
h4j92ekp1kqsy21feaae,SELECT NULL;
wx1gmsfketlp5w4w9epx,SELECT NULL;
k8e228omu5o6n4lbjugk,SELECT NULL;
5bxat6nzs6ocnivsei08,SELECT NULL;
odac3478h3npb2bdqh2c,SELECT NULL;
scq5xm875qxc24eztl1b,SELECT NULL;
hm47647era05ros184xl,SELECT NULL;
uw6xxz3uhihdbchk2t3e,SELECT NULL;
h1p1xdoofnlmrxdaznpk,SELECT NULL;
mfzhfyx2psfqyxk9eius,SELECT NULL;
k6ctgjtfj6ktj8facxwp,SELECT NULL;
4i4dg2a1i1iwygx578py,SELECT NULL;
h5m5cernk32sosppsf90,SELECT NULL;
c5dqzhf7yfyayid2g804,SELECT NULL;
b5fdqybtidqzf2d60pwi,SELECT NULL;
7be8avrb0uabqmxsyxto,SELECT NULL;
7lh950hwcw9uduz3zn8p,SELECT NULL;
dspg7bagypk1pvullmz1,SELECT NULL;
ydeimk0c8vrqnmbxh6x2,SELECT NULL;
jzl6wsqsd31eulatr328,SELECT NULL;
ezs474ekdsj5k9fhsgy9,SELECT NULL;
xBWkf8YdTblcMI8alz4Q,SELECT NULL;
vrm4fj27651hk80bgq5c,SELECT NULL;
mus1cpgkusflh422bxo1,SELECT NULL;
veurlkc81vf0yd0okzkj,SELECT NULL;
q0kzl67ezkgnactjdz50,SELECT NULL;
m40cia96sm521t0kmt0o,SELECT NULL;
uhecfs727t30jbmler3s,SELECT NULL;
yfi65zxq61t3jaipoor8,SELECT NULL;
i4hm6u5yn0ng907j14m7,SELECT NULL;
xlv2nsvyhw73i4oeiwub,SELECT NULL;
4zmtd6qs4u05zv5s65z8,SELECT NULL;
3ycxj9ulfa3ez2bpa1qp,SELECT NULL;
mnpr5ogsbppth4kbwolf,SELECT NULL;
wwsq9azoytfvj3kfjf3h,SELECT NULL;
1r5k6zyyi7l3j764x9za,SELECT NULL;
afvbm1f863yflz9gmibq,SELECT NULL;
zwlpufbzcg4ba3cmys6n,SELECT NULL;
3ho116ih3pet7px50yjq,SELECT NULL;
v4r4ikb8graly2vvs649,SELECT NULL;
luey906awty86thegeuh,SELECT NULL;
235zd5tt8udh1ahb30rg,SELECT NULL;
yry4hbptys1puimvwr80,SELECT NULL;
dkhzwk2bm1ufb6g8m3ez,SELECT NULL;
7l0byxahihgxythucqdk,SELECT NULL;
3izfrf9udte26ha8lpyp,SELECT NULL;
bm1fh21mko814ezn0buf,SELECT NULL;
5b4dq51yjwpc3qwd0qyi,SELECT NULL;
r3rqqtsg5v7943tl831p,SELECT NULL;
1nt0p84yapwz7388321y,SELECT NULL;
b2q3t4w0lrr87b92m68i,SELECT NULL;
crk2ub6g24upjjxjyd73,SELECT NULL;
b0t3y916nt8a0y6mt89g,SELECT NULL;
u4vo56fpt3c331yo0i4k,SELECT NULL;
7567j7gaooy4d05sw724,SELECT NULL;
whqke1dqj3zzizqwz2up,SELECT NULL;
ho4hfahfybcqhvuikehk,SELECT NULL;
vsxie80m313ebnau1euc,SELECT NULL;
ov0j6kysbh01dh3belt6,SELECT NULL;
at4acpvqgaxtwlaoaxjg,SELECT NULL;
segzewuo2tq6pfpsckfw,SELECT NULL;
dbkaferap7x1wbbm7dsk,SELECT NULL;
ipvacd1jwasg2rhe2f7w,SELECT NULL;
tt1xzac7971n8f35vqop,SELECT NULL;
l0zpw3kalkvmyi3jjvwq,SELECT NULL;
0vhdx6vovdybj2ea4ogi,SELECT NULL;
yysujbduh6ohriwyhnps,SELECT NULL;
dv0gc0vc6fb4naathyc5,SELECT NULL;
n1dajzwrnxu132cc4w1i,SELECT NULL;
iairpurgu00ccnqveoyk,SELECT NULL;
1b7i76hlubpp3h81wpwe,SELECT NULL;
ud17pv2bufd5jbbl9z2y,SELECT NULL;
lus5n3k4ghxbybin6ako,SELECT NULL;
2a7pt4sz01po176cjy5l,SELECT NULL;
95em7l584o09h0rpm9kc,SELECT NULL;
tpi0v9jvn369gpenk14n,SELECT NULL;
ic3x26ov9nq2v68s3l5y,SELECT NULL;
pyzscnsf7lskd8p9751k,SELECT NULL;
qy38netlvityv62ef921,SELECT NULL;
neqyshirfvc6jbm2j755,SELECT NULL;
w6vtb6og6ra3gj6o5igq,SELECT NULL;
7oxxxk6533coehsdv6hr,SELECT NULL;
mukfi5n3234zzqy5yo2t,SELECT NULL;
ag42bie83243n7bypfx8,SELECT NULL;
nmxdh5pf5hij77n9pht8,SELECT NULL;
it71r111msss8kxeooup,SELECT NULL;
pmm7d85tav5n1m620kxg,SELECT NULL;
ww6u8a85cm87aq4qu3nt,SELECT NULL;
phmdxuax4gla8o18s7om,SELECT NULL;
pgdz78lydambt5mr53gz,SELECT NULL;
dsuzzg1a6u7sqkdi2zvl,SELECT NULL;
rjfi1vtdn8fetgg6rp4p,SELECT NULL;
wd9g7w83yb7e28fxh46d,SELECT NULL;
r4qqft9x4fnrjzs8emxc,SELECT NULL;
jhc7u3gd1lw28a84lsfl,SELECT NULL;
eux1szzzomj61u6v3xx4,SELECT NULL;
d33kd6pour4epi7p2znd,SELECT NULL;
txoiydqpngzz1r78i4zh,SELECT NULL;
kqb8ttgln283frllcgah,SELECT NULL;
8pchc8txao3eqo17pf8w,SELECT NULL;
xuikg211mh1viquuu5rf,SELECT NULL;
8aiotkegz7fp9nzjczwi,SELECT NULL;
nzt23d9b204gvw6e536c,SELECT NULL;
dinrt6afelz7v0jrygxv,SELECT NULL;
52efb0l99zd43eovqe8f,SELECT NULL;
ik6bfbo6x6u2l1p19cwr,SELECT NULL;
buzxxgu0f7ggf8mubg8z,SELECT NULL;
8ktu0tu8jduv8iaq5g54,SELECT NULL;
24umcxvnus3i76ocrg48,SELECT NULL;
jm4h80b2qdw8l6w6mz9e,SELECT NULL;
im8we4ph2x59pqypnxfg,SELECT NULL;
PXvKsXf46YuLWK8x3Yui,SELECT NULL;
n2aiea0wl7iy2e13kff3,SELECT NULL;
lcdvaygw62v58q8ec4e1,SELECT NULL;
cpl69ehhm2m9lcmdvd0j,SELECT NULL;
pf81r87bivlbcab0n30m,SELECT NULL;
y32cgjwm1cxo4xmnonvm,SELECT NULL;
glc41lqb7iu3t5pgq8g2,SELECT NULL;
xlp7mq7o0i8evc0w86fn,SELECT NULL;
y0t7emi61ay7v9h6s2wc,SELECT NULL;
ry2auhmjcd2ayi47w4nq,SELECT NULL;
gfpbaastdvljlmxs6k3d,SELECT NULL;
b8hb69yuq60zlne489iy,SELECT NULL;
pjqr1ahnlbeuq20sn9b1,SELECT NULL;
pyl9it5z9jsez072jtss,SELECT NULL;
rdpx7yg5bv560ltg8zev,SELECT NULL;
fzjc39vz407c31o87vru,SELECT NULL;
g9kw8nb758rou3zmdgzo,SELECT NULL;
8b0rwag4du0dech1rrjm,SELECT NULL;
y4hiexcwlcsp7jlvlez9,SELECT NULL;
4hja718ctsfn6vtpbln2,SELECT NULL;
r58grty1cmabhvs8f6ak,SELECT NULL;
15oai1b3z6hn758znd31,SELECT NULL;
laflah6tzo86kdron633,SELECT NULL;
duglvot87q6okil3ze2t,SELECT NULL;
etuu1oo0e9v9avektciq,SELECT NULL;
bgg6l28u71qq96wsoq6d,SELECT NULL;
82i14b9rz91w1gu0mhkk,SELECT NULL;
i0ughm3zrff6tobeyt0l,SELECT NULL;
2zmstl5j5aqvjheqc51n,SELECT NULL;
dnby57g6wrmjmusac26i,SELECT NULL;
fblsjlsjpg2ukn85n9t7,SELECT NULL;
3npgu2vq9889rsfsw6st,SELECT NULL;
yycsmvtut24nyiwe7ysg,SELECT NULL;
daxwv1sqvklosnstbxfs,SELECT NULL;
xwgj47n7vgecfxzsuho5,SELECT NULL;
crvq37tv7vaidx54z1mw,SELECT NULL;
95eh95temtz5v4vbm942,SELECT NULL;
2vg9id9mnhcn3bspj187,SELECT NULL;
7a80nidjb8z2hgs9q9n9,SELECT NULL;
vfe48lqltwm2r4uyi97o,SELECT NULL;
b4bo4p1zh0v3rndthu91,SELECT NULL;
8xdfjdsr05bmcjytaeni,SELECT NULL;
v5o48svaulsxl7xhe7fm,SELECT NULL;
7bc6nxxdf6zlieau5ozo,SELECT NULL;
ijenkbqw9foi29iq0p3k,SELECT NULL;
h7le2ibt0c5w63clpm2z,SELECT NULL;
lja83zoiiv7jxpi1cmk5,SELECT NULL;
hlbiega0x8r39yffw44k,SELECT NULL;
2ayjygnksgslsd2pqlvg,SELECT NULL;
u05t8ogobl7t11wo9he6,SELECT NULL;
pr1lnfxm9x28615s6yvp,SELECT NULL;
2inotayxd170lyywxh0b,SELECT NULL;
0boam3wv1tlnh40fl7oc,SELECT NULL;
e6cae9mu6ixlid12ej7j,SELECT NULL;
jhg0p1lvt513m1eh41cp,SELECT NULL;
9hcnepslls9dxluj8igg,SELECT NULL;
ftayny5a6worvxtt3fvq,SELECT NULL;
dkwp25483mke5nxywgnh,SELECT NULL;
wokdl57087hi70or1ot0,SELECT NULL;
zn0p9vs6eq6724svz1fd,SELECT NULL;
k7tuq46rgkkqpt7d2fl9,SELECT NULL;
i6wjilj01f925wp9zfpc,SELECT NULL;
jhpkp0dq93nq0nhxjw4c,SELECT NULL;
cjjymp4jgyfgznd3fsbn,SELECT NULL;
8pvpiuw90mwfv5xhaxxz,SELECT NULL;
c1rkjo3rler216gpkdjy,SELECT NULL;
jo4j48x1mr0gkqvqgias,SELECT NULL;
bz8hg27dbqnhchs24vsz,SELECT NULL;
41mj9wmxl5ccgvo8r56e,SELECT NULL;
aq1b6021u6ibwsv1p6kl,SELECT NULL;
r8nuo1tap87zzamficdh,SELECT NULL;
nd5mhlvndqzlb4bnh4qi,SELECT NULL;
bakdjfxypy25055k9872,SELECT NULL;
qllz1azlo3ftfgevdd79,SELECT NULL;
5mvflaswqgnewv6lbxlq,SELECT NULL;
w4cttlqdi8akp3lfpoj3,SELECT NULL;
mmmcak98qwiv3dauv7og,SELECT NULL;
r4pg2m0pzeknyyyywlk9,SELECT NULL;
48yuszneeys2nue4t1my,SELECT NULL;
me7mf450gyuw2lzc2c4w,SELECT NULL;
pgj9onbzixsm2b3chc6y,SELECT NULL;
r1vuif6dl8xp94hau5mw,SELECT NULL;
68csv4h1y9gh26fxjhtf,SELECT NULL;
ev8hbkauameyy3hramy0,SELECT NULL;
xawy5233uvyqa0hwu92b,SELECT NULL;
7trj7o5fxgy1fyf7m9ai,SELECT NULL;
ki3toefz67wcd87lulcl,SELECT NULL;
m7hci09hatfbstkrzmgr,SELECT NULL;
b9no4w6mstmqibmrgtku,SELECT NULL;
aqo13aiirnf63rz2k2no,SELECT NULL;
e4ssiawpspczwjqoekol,SELECT NULL;
0oik2vgjzh70qf8fbuid,SELECT NULL;
mn2jqezkfxqfdabparp6,SELECT NULL;
8d6pxkvkykhwjzhdacws,SELECT NULL;
91mjgdr5qblpkerbwxnd,SELECT NULL;
ly8yhzg0qwmwrdyf3lr3,SELECT NULL;
x7vscbm7s6ba5oq83q6y,SELECT NULL;
ji4e4ylyksiupv9kmenq,SELECT NULL;
fi3jo6qqo9yuwimb6e90,SELECT NULL;
sdofq6wdox6u841a3nhn,SELECT NULL;
httrl2cjkvb3doszgvji,SELECT NULL;
7ize58lpm0gm5524nni0,SELECT NULL;
2woavkxkgz57u3pvw2zl,SELECT NULL;
98tbjhb86j8idj7826ni,SELECT NULL;
d27dbgpn3dmx96t9uxec,SELECT NULL;
o2iyo0qh84dp1vita91t,SELECT NULL;
qiw5zjnjn31mmh8tixrb,SELECT NULL;
ygm7bz7q6krcf07x7c41,SELECT NULL;
ZBG0k62kvyWD8fs00Rhi,SELECT NULL;
e5yb1nlthqnrw9hql1sr,SELECT NULL;
pgtopezcik2uakid40r2,SELECT NULL;
fmug8ielpeskolb1z2it,SELECT NULL;
elhlou0suldmuj3tqu21,SELECT NULL;
4n8ggt36d3jmf9byz57u,SELECT NULL;
fpv1roq5gvgohhlqwkt9,SELECT NULL;
07exr5w33j92ipctymca,SELECT NULL;
llk9brsocst1s9dey5sa,SELECT NULL;
i2iynj28xp8xl4dvqo15,SELECT NULL;
xt96nui7fp6l7ygs8xgg,SELECT NULL;
qpeorrzb2pmkvl5c7scj,SELECT NULL;
b1bzscr9c8dbf70em2sw,SELECT NULL;
e3sr9on3jslq156ziw77,SELECT NULL;
xgv81i0zpwhdfb7xfqnk,SELECT NULL;
ddfyaw0nrkan3qxknxyv,SELECT NULL;
3ud0wtq420g3n88xo1ay,SELECT NULL;
0fhs73higblbx4016cvs,SELECT NULL;
9120ojl03qyetzifu5z8,SELECT NULL;
9s4lb4by2to8hph540ee,SELECT NULL;
o962po0ao9skceeov0vg,SELECT NULL;
tn63klbxsy4t27sympem,SELECT NULL;
pisxd0of9oc9h308cylg,SELECT NULL;
u27dtulxn5o8t01414y5,SELECT NULL;
e18v62h3zp3oe05roelj,SELECT NULL;
nnmfphwmhb9znyvlfevp,SELECT NULL;
uyniqcf4o02g4egd8ou4,SELECT NULL;
r8etktdn2o1a0ino6ce3,SELECT NULL;
bhgk3uqvkvqi276noxlf,SELECT NULL;
o0l7d0naw3yhus9264o2,SELECT NULL;
koaq4e4pxm3nna0fuzkd,SELECT NULL;
l2nm2it1wyxthc1168bc,SELECT NULL;
j7kl7owfv4smcy1czaws,SELECT NULL;
fQLU7dr9zOty6Ubaqcn8,SELECT NULL;
gz6h1h28t4xtwz8f6vk8,SELECT NULL;
c8odrqrud8c3yrkhjhir,SELECT NULL;
vmeoz86i3yba3ntg86zw,SELECT NULL;
bp063jputkg9n6d73525,SELECT NULL;
5afj2y48ox4a8xd0unyq,SELECT NULL;
mcyqzb24yhn4q13e7voo,SELECT NULL;
8b83h01lv300ywt8uh56,SELECT NULL;
9pzxmcmfti56zitfl8fv,SELECT NULL;
wkkt39ntoq8vl16ikc3y,SELECT NULL;
4jojzzsf8jemuavxmwlz,SELECT NULL;
r0ds6e40llpjr3gl91ei,SELECT NULL;
6un7ru4wlpeac0jonvys,SELECT NULL;
heakwizz3i83yb3uxcjj,SELECT NULL;
p9tqwf8piinusd9804kg,SELECT NULL;
t887gc4myj5umpz6nzcd,SELECT NULL;
czjauev4qdcxtmw99wow,SELECT NULL;
ylg5x316aexmz2uicgaz,SELECT NULL;
k3w6umo50pkkr50tkczw,SELECT NULL;
r2g8do7bxprm4859jnej,SELECT NULL;
kzezw4sncmb3qdrjc5dc,SELECT NULL;
sWsiphIOeJqB6f8az2GL,SELECT NULL;
pvcrgeh900m041po1bmz,SELECT NULL;
j3hk9an8tmarfvt3c782,SELECT NULL;
kttl9uup1wo2jv8755ri,SELECT NULL;
enxz2zrvhfmsgb2rmx1m,SELECT NULL;
zgrty3ilcudgvt2oqjcr,SELECT NULL;
bz2ue40fp88ildaeuwgu,SELECT NULL;
m8plca2ke6x801awto14,SELECT NULL;
0x2bjhdhlanf6pgn8j27,SELECT NULL;
4416lyn5wtr1yqdqjubt,SELECT NULL;
uhg3w82osif5agq48tar,SELECT NULL;
716028ufgm6en172anj2,SELECT NULL;
v7mhcnk4cqzcf4wcvdjf,SELECT NULL;
epctqc91xrjgiwnfzmkd,SELECT NULL;
fw5mmd3ploxhqkpctqqd,SELECT NULL;
gnz9w7vj2jvxczh4ak2x,SELECT NULL;
sfss0a0ehtthku5ig8rj,SELECT NULL;
9k3ov1veuyzyux85xyu9,SELECT NULL;
m39x9jvarapecvkz7ar9,SELECT NULL;
mc2c4y0yzmh1i1k0nmnd,SELECT NULL;
554een67f62jewma7uar,SELECT NULL;
qfo5465bxhwjeilg1htz,SELECT NULL;
w2n5taz9vy16he84tpn9,SELECT NULL;
j7ffzuc7j6t7tum63330,SELECT NULL;
sp7ap2t6ged4yjkd81pq,SELECT NULL;
nj32kynriw0gvimubvpu,SELECT NULL;
dyd5li1o9zt2eq8zxgw4,SELECT NULL;
7rdhwr81wu4pjlq3gaxb,SELECT NULL;
ine88eqz70kkn38qkiz9,SELECT NULL;
joydhfgk05r2alt4rqc7,SELECT NULL;
7klsqyw3hg01cjr88wid,SELECT NULL;
nqbmx9nw9ccr87jqqk6a,SELECT NULL;
lr36wkazxr1f2m4zc1x0,SELECT NULL;
cf5fjafu2u4os67cq0ke,SELECT NULL;
z61wju66o93n5yiferwc,SELECT NULL;
jw8dselgnil31nonvw0y,SELECT NULL;
af5tmi3rv76960fo8fet,SELECT NULL;
mgdqripf1cxq1zhbjm17,SELECT NULL;
z3svwv62abrfel21i2i9,SELECT NULL;
mi11p147p4sev4bk5wnd,SELECT NULL;
mgunf8dzbp5ssvjl74l6,SELECT NULL;
rvzbty4bfxfgntkw3xt9,SELECT NULL;
kl4hkdgzsnrv7aaakp3p,SELECT NULL;
7622gdecap2lfuq8nagq,SELECT NULL;
pzu2osro4ugm8bblyddg,SELECT NULL;
384ld5osp4p8k92dhomq,SELECT NULL;
r1bcmrk30pig4b1dcr5f,SELECT NULL;
176yb0axrnevhlimv2r9,SELECT NULL;
h3m53wunt4xscahzag9r,SELECT NULL;
1d4j7w6pgchcxpsmv2tw,SELECT NULL;
7yi7dore38ijfkv6h2im,SELECT NULL;
sr9xsugeg02lxcdllkf3,SELECT NULL;
2b9ou9jx9pylldkrsiyj,SELECT NULL;
cyntp80nvu1kayd7ovd4,SELECT NULL;
a1aimts0hbut6kaz78uz,SELECT NULL;
6kmysbo5rvm3ozu145jf,SELECT NULL;
h5sk42wg02xwlltfwiy1,SELECT NULL;
rg3cwf3eg3gpvaw9eo7f,SELECT NULL;
dr1ru4pgwk3exat3edlr,SELECT NULL;
svno14c2lcqh6edk5m8s,SELECT NULL;
5wcer4yp17svareabkgl,SELECT NULL;
aqbuaymzvd633gihalbt,SELECT NULL;
tu1xerocpk2wf44qhf86,SELECT NULL;
ksnl115gru75d2bn9aqa,SELECT NULL;
redte78dlwgl0fwltiyz,SELECT NULL;
wzxmz64qtqvjsjx1fwzw,SELECT NULL;
o1qn94xzozogtfyfxtka,SELECT NULL;
yqvnfneh3u8e6e2acuzm,SELECT NULL;
ybgec4ejuduyb5atlb67,SELECT NULL;
jvjnu5i5wrs4n0kd1nna,SELECT NULL;
wphju16dvewsnevn5510,SELECT NULL;
497xhsr73r43xw020noi,SELECT NULL;
vpujthg5brqb8ikr71g8,SELECT NULL;
i2izek4kfh4h4he39m8m,SELECT NULL;
5vdfqlf5hrhev4xk51tr,SELECT NULL;
peoh6rml9bssnvfzul5h,SELECT NULL;
ztrg9eg5gjulg033x9go,SELECT NULL;
6exkakk7fojthzpfq24z,SELECT NULL;
9tx5so4t6bt2auubfzgs,SELECT NULL;
npwog88jjbzlbk9cduii,SELECT NULL;
ofeued8b2p428gd7lphi,SELECT NULL;
rxy0bem9pjfgx3l0i6zy,SELECT NULL;
wwwsceo9vjiwjrfln66j,SELECT NULL;
tj7mawd7eh2q4kbyijwd,SELECT NULL;
hbv80thgc3rfckiy7aem,SELECT NULL;
91u9urq3n1x9wfrejnbb,SELECT NULL;
ecga6hf6vp4xbb95ulbt,SELECT NULL;
omjxo89sjp6rtf65kccp,SELECT NULL;
v1eyorm6f9zmugputovz,SELECT NULL;
6txt39ultuoc8t7qxzzr,SELECT NULL;
jiktu1iozw0csweq20jh,SELECT NULL;
awcohb0p3z1124x72x4t,SELECT NULL;
wf1ofz0idbjxhmj1lvli,SELECT NULL;
g090qz0xt9iz5nk4lkeh,SELECT NULL;
ycc2bkv5m17881kgatqx,SELECT NULL;
ivay1ollh7ji83bp830k,SELECT NULL;
k10ibs3qqqcbz52enkaj,SELECT NULL;
eorybf5epgvswotcy6id,SELECT NULL;
6jrw9i8r3dqke32v43uy,SELECT NULL;
twidn28zwhv3nw1qckwf,SELECT NULL;
8nu1pxa19nwjeohla143,SELECT NULL;
yup9mhqnz10p1lgwe6le,SELECT NULL;
ewbcmi4z8g2v7ms8c2oh,SELECT NULL;
9bpaz1y98sc6cri75uz0,SELECT NULL;
apa05ccff3hx1ufszzhx,SELECT NULL;
6ztshvtl3vy09os398bv,SELECT NULL;
7fz5ejw4tg0cl2m89e6z,SELECT NULL;
z1bb74gv975sxagk50o3,SELECT NULL;
4e6i9h311kh1o752njp7,SELECT NULL;
yxkri6djpp3em78wbqm8,SELECT NULL;
edlf9w74sv27xm4o71dl,SELECT NULL;
gxb8zztepsph1jyvwimv,SELECT NULL;
sreuvqsz3z2gvf3pxqa8,SELECT NULL;
afgge0k1htls2z5d1s06,SELECT NULL;
kpc89pkby544a9yqvi1n,SELECT NULL;
53cgcsap2ki7lrbs2lnc,SELECT NULL;
poaqdqif4bxzenn3ria1,SELECT NULL;
polq92dh1uwajwt2gaep,SELECT NULL;
4e5favlgc9iendfq3efl,SELECT NULL;
y857oa0o948e9rjw02yy,SELECT NULL;
ywz9hrain22bsevngl66,SELECT NULL;
bwi3qzm9z939g340la2u,SELECT NULL;
rw05mmql23lhzc8jxkqa,SELECT NULL;
jr7rqpqd3llxutvt9e9y,SELECT NULL;
1dw4fs9cpfb2r84sifhz,SELECT NULL;
tune5gsvgc1e2r0eiibm,SELECT NULL;
8y1547lqyd8t7ppj0pkw,SELECT NULL;
iixir1ekj2tkzhbi9uki,SELECT NULL;
f9kmxsq2qre79tmr67fk,SELECT NULL;
1xo6v29htxl265baja1g,SELECT NULL;
ppzcn5zcoekoucun5d88,SELECT NULL;
0n6kvjc1a5v49zef8e6w,SELECT NULL;
mxta4pfq3b4cbwunl8ok,SELECT NULL;
n5i863149klk7w1yciul,SELECT NULL;
fe3winn206ish2mhe3sl,SELECT NULL;
qxo7gr1a2skah5151fjv,SELECT NULL;
btyzadqihzpgs7qco5a4,SELECT NULL;
uxda32nfr31kqj29zdi4,SELECT NULL;
ludckqg1blhj253qaxwn,SELECT NULL;
g8zkvv7mstzu4tqiv90q,SELECT NULL;
2jjf0rl1rflemnstl2vw,SELECT NULL;
hbjdostye8w6egfbbxgr,SELECT NULL;
s3jcu8po8ky42968m1gz,SELECT NULL;
lhx1pk0dqlvvnonnr714,SELECT NULL;
wvdazkja4vur43uphev6,SELECT NULL;
ogdqjuw8pqubz4vcw3aa,SELECT NULL;
nflpk5mjqko140uqs8q8,SELECT NULL;
hxoaujm49uw0haexfluv,SELECT NULL;
f25g0uvlx0nv1vnoz7c4,SELECT NULL;
dacsrf4oj3tm5eelw7eg,SELECT NULL;
zvfbdkb4d3pc4eqkefgu,SELECT NULL;
4fkz5f7pphsqd59iyfjv,SELECT NULL;
okg2ghi1lbe284kytly7,SELECT NULL;
0j6ctv1a6urm0qrxf8ad,SELECT NULL;
sagttc6h42f849ni39sb,SELECT NULL;
um3bwz0dykx8shshr76k,SELECT NULL;
3kjhmorxzl1id9z9ar6j,SELECT NULL;
tqs9pzamjfb2lng72rjq,SELECT NULL;
x0lb2o4xyen1waqx52yb,SELECT NULL;
7n34i7r6xioya3nw7ycp,SELECT NULL;
ntglu6edm44m4sbcstqc,SELECT NULL;
udxtxba5pgdvzwfesewl,SELECT NULL;
8eo8r52wfj4121eo7hps,SELECT NULL;
ip293j8mbkco8nrszflj,SELECT NULL;
ilsxbdny9radtxg9ew96,SELECT NULL;
6qeu1t6kchylvovfs0y1,SELECT NULL;
a6kj1mstjrt0nzl2wbzt,SELECT NULL;
1m3tr67ruylvzwzst79g,SELECT NULL;
ml5xdsdylqpclbsfqgei,SELECT NULL;
ipgy5zf3wmj2eh37xpzu,SELECT NULL;
j10kimw5fjuepmgistuo,SELECT NULL;
y3pfxk5zjtq1t9axavj1,SELECT NULL;
cmlu5d8pwoox4ua1ajz8,SELECT NULL;
yf8i77lyqskb1hwaegan,SELECT NULL;
fr0fq5w460fpeyifk1hh,SELECT NULL;
hvk5aihxa730ttavab5d,SELECT NULL;
zalzrogxx3pzn4xxzlau,SELECT NULL;
ojgrpj1op7hq05xa9xgp,SELECT NULL;
k4k6487a000lq5ipcnbd,SELECT NULL;
u6ym9iwsoqbnnuetgzdv,SELECT NULL;
hyw26c4espolp24lgq2v,SELECT NULL;
81cq28npty4fdh364b4n,SELECT NULL;
q24v6exgfj158f0u6kbb,SELECT NULL;
ysivm8acdjuj03roei37,SELECT NULL;
1xccue5bp1xv50n1oyp2,SELECT NULL;
3fh534lyd0cayhkx23l2,SELECT NULL;
pvfsxn152bgcyb8he0a1,SELECT NULL;
7c7eyjjzp06qrnrvmcsk,SELECT NULL;
j32i6qohl1s8uvddshvs,SELECT NULL;
escnmbxxk3tw98j1jaav,SELECT NULL;
myoqwsn1q2xjuqiha919,SELECT NULL;
06bzufq8aheejzttmlef,SELECT NULL;
gjs16vrmcm2g03p7hl60,SELECT NULL;
f9vt8i12pt6l4e3nhgjb,SELECT NULL;
6ti06i2yyohw7mlwbx3p,SELECT NULL;
oaek9qmvvfu8tg40kdp2,SELECT NULL;
cyvq5auve3y47igwa9r1,SELECT NULL;
hob7kxqllajbp8alrfmj,SELECT NULL;
1d9y99pfc0euegz9huc2,SELECT NULL;
kdi7tolfdamm9af6pysa,SELECT NULL;
k8i7kwj3ihixmkmdgbha,SELECT NULL;
3or1hn7gsuipwiu9tomn,SELECT NULL;
79ocivvy7g034vgz0zia,SELECT NULL;
b2aehylcqs20gnwy8hyb,SELECT NULL;
j5pjughjio6cy3kcv6zf,SELECT NULL;
iqkomaccq2obrfaxn5r8,SELECT NULL;
gvacb9pl9dljp1bgrk1j,SELECT NULL;
9von9xuruug4kj1pfxgj,SELECT NULL;
533bsiske8x1ntst6dh8,SELECT NULL;
mpfr0kgwbaxsf9ziuyw3,SELECT NULL;
okuhzrbvv3t0cmbjymuy,SELECT NULL;
oqisutnaz8v8epijl3fz,SELECT NULL;
r4vwq6byrzacc4kcqi19,SELECT NULL;
zh1d6fawi1v13584dwiq,SELECT NULL;
ees66v8qcgpy6ohnv8s5,SELECT NULL;
9iz2notrddu3wu9i1zdt,SELECT NULL;
lo93g53rfyv1trszx675,SELECT NULL;
oci46utsqt9rs28nt0z9,SELECT NULL;
w5l3btzp3hwrameh9t9j,SELECT NULL;
0cuyc6jq7x5v7qw1vk7a,SELECT NULL;
hqq0qhi3o788sqaoad6y,SELECT NULL;
i654pyjc4qgo32qxeo5l,SELECT NULL;
r32tt8pamplqlhit7zni,SELECT NULL;
pbolpmh1ojghhw2w6luv,SELECT NULL;
gqxwb7vy1rr13dfqmq15,SELECT NULL;
gfl50l64spsby34oxfyi,SELECT NULL;
YRVQOMpbRq7us2XhCr1L,SELECT NULL;
mzv15rb5qeatqticsxxe,SELECT NULL;
b17di61h44qwbpgq5jt0,SELECT NULL;
jsn6lwk4v35xyx3yfojt,SELECT NULL;
vsl62lfmn96tqjonf2az,SELECT NULL;
i8n3053a0cw68dlcs96y,SELECT NULL;
w6cghjcad21m1icoiy8w,SELECT NULL;
z41jhjdpjvdjn51jqy6v,SELECT NULL;
vhuw9jyrdn0wmp2ffldw,SELECT NULL;
qhv6ikzrch7b67mqbba0,SELECT NULL;
tluyiu72czzc8voi65zg,SELECT NULL;
06brimvtf8nk3yl9og2k,SELECT NULL;
pu1su133fre6i121mt97,SELECT NULL;
7sao8nuog92gtel3gdn8,SELECT NULL;
0lrnh1x4qnwxwkksea7m,SELECT NULL;
mjvk4079zuturm04l0n7,SELECT NULL;
gx3tmkah6b6sslftza3s,SELECT NULL;
f3jem5uo0uk2znpgt1wo,SELECT NULL;
h5m3igaqp5koshdya14v,SELECT NULL;
xnih8c04tea2thz560rs,SELECT NULL;
qi2mefwy0b32lydwvlz5,SELECT NULL;
bdes9bh1pshwu3wpk7z5,SELECT NULL;
yinb6idm67jmrp9fp7tu,SELECT NULL;
40zjxjjxn4njgbqbuto0,SELECT NULL;
9j37f9suq2tb905h6t3c,SELECT NULL;
4cmvvxcr9ukav6sowx39,SELECT NULL;
cslhsz5jbss7148twyw9,SELECT NULL;
yast1sp5ckauu0zj7xzk,SELECT NULL;
3x8zdk6rci8umlplz7yg,SELECT NULL;
a8ndkk1bge892ea3vngw,SELECT NULL;
rwcwk8mcvezaahy9rkfy,SELECT NULL;
5ejurutrhvznxazjuuk7,SELECT NULL;
cm2qwfyvxyiaml1b89el,SELECT NULL;
ruysdghib6zz9dnjdpjl,SELECT NULL;
z4c7mr8o07zcxi9m8yvf,SELECT NULL;
hqifby6p6ybjnkhx2pkr,SELECT NULL;
e0628xbjobv1gobsmfbu,SELECT NULL;
sgfm2eb7lrssxbj041yx,SELECT NULL;
i8gulhw3bbnxfamdega8,SELECT NULL;
9samaycnhesr853uzt8z,SELECT NULL;
l3ls5vqx5ma0kr9wmu00,SELECT NULL;
bcf0izvitp5tgf0l6m0i,SELECT NULL;
nehonbogllacob5btjgy,SELECT NULL;
6z6cliv5f5682vtqvfd6,SELECT NULL;
66pe2f166r6aef1ko9wj,SELECT NULL;
2oi2bc566nh7ecipdwnp,SELECT NULL;
qcnrzzue8ow2mnz4t21m,SELECT NULL;
mim2if1u1itrw9nigw46,SELECT NULL;
da1wgoe3u2fsg5lsaofe,SELECT NULL;
50lapj5equwo4tr42ddd,SELECT NULL;
vcehrcn85d7gxp2jh0db,SELECT NULL;
fbdbfe7e1iwadoh3dk88,SELECT NULL;
z2swietwxfp1v1ml8tfk,SELECT NULL;
4lqyc61w1qbjtvgjmcbf,SELECT NULL;
lofwro2r4hw32p5aupsa,SELECT NULL;
8tjae32gmuudto2hnthk,SELECT NULL;
mb3qj6zceldq5up6o8ud,SELECT NULL;
rzcjopwo1ecznqnzvl81,SELECT NULL;
9n8q0308hwkuvqqldkwt,SELECT NULL;
avscaxm5jukiqnft5ls2,SELECT NULL;
8o1k5epxylfihtfhjxet,SELECT NULL;
71f0v4kvguvqd9c0ta9b,SELECT NULL;
ufuomnwuybuahi7pygmf,SELECT NULL;
k83jn7wdx43k2ntb2gg7,SELECT NULL;
qf4rjgnl4i51p3vjd5t9,SELECT NULL;
8csw13kk7xb785jiv8u5,SELECT NULL;
wvu2s0trf4jkd5augxfa,SELECT NULL;
chmxzkjz9fm4201rfhia,SELECT NULL;
2doyr96twctzb12plc6i,SELECT NULL;
1TBEb1MLq6rX3jy6nNaK,SELECT NULL;
di8revdvjx4lmui844td,SELECT NULL;
yveiwFFwbVudC6K2rKNS,SELECT NULL;
y5Rabq7fJiQUtBwkOOka,SELECT NULL;
sauuyiwyi1v5xj1ajcvo,SELECT NULL;
6mx7wwayqdbu012kcxve,SELECT NULL;
lgmjhmhn3dnjkv3csxtb,SELECT NULL;
nqw3ear6m2fnhxp9zw77,SELECT NULL;
tvwh72zj9dj7cgof3q77,SELECT NULL;
o6fm06ov5gvsfzuq6ezc,SELECT NULL;
7l3d4p5xqn9kattee844,SELECT NULL;
fvbxik9p57qr9n0i4j3q,SELECT NULL;
ao5nsf0tyygd0yrnttac,SELECT NULL;
ajp2nfihyu6ntstrghzz,SELECT NULL;
cpo3tiegtx5tnl2jeitz,SELECT NULL;
oa1pbcu0jpxyyx4bhpo5,SELECT NULL;
diccgmbvkyvj5utbas0f,SELECT NULL;
ytvfcm6w9jfc1pnfzf15,SELECT NULL;
a5yy5lhvpuf71po7wjeq,SELECT NULL;
tix5huc090d7qvt3f1ky,SELECT NULL;
7fv0vt6c5ll60b44rih1,SELECT NULL;
wf4decgbcmr0gv251tv7,SELECT NULL;
kq0nodgibe4shvgs1k30,SELECT NULL;
vy6p9ctrolp9b8vz4lij,SELECT NULL;
gdwwboo4bzttvne7hxb2,SELECT NULL;
cqizxr6lvcrmufmd9qn6,SELECT NULL;
6yesbirnuqi4fkpcnglh,SELECT NULL;
37ljiw4efy56bdyo2ewx,SELECT NULL;
eqh11yxdn07dd5p4z400,SELECT NULL;
9nvqjmg5m4bwlfaekg55,SELECT NULL;
5a548oxuh5deww0g8g8h,SELECT NULL;
ey1cm2njnvtj5m9ljlas,SELECT NULL;
jt7o2gzl5ygobbcjbzvt,SELECT NULL;
a6imae1rdjfmew298g63,SELECT NULL;
f6e2acx8vjt40a6ucqb1,SELECT NULL;
2ij6x0j4ktoml6mvdxn8,SELECT NULL;
gnu7b9axxzn7nju0imtn,SELECT NULL;
eu8r6uo92z68svte5le0,SELECT NULL;
qp2rtg22djjhwkfrv8ru,SELECT NULL;
6zkutm3pusz3kbtqmme0,SELECT NULL;
ijbcbunmodnxo1rlx3bd,SELECT NULL;
teoq13x05923gmhm0pd7,SELECT NULL;
eusrwwtb8a9lwhbai9z9,SELECT NULL;
w4nlqwz97vykz7lc7xs6,SELECT NULL;
v5r353n0sjolotbgvlmd,SELECT NULL;
4e8kkjot9spobr7t8esu,SELECT NULL;
5ww0icoyaurv6koo87oo,SELECT NULL;
sao8akowhilpplbz9qh0,SELECT NULL;
76ajly727jehcweh6vy3,SELECT NULL;
z316p28hryj5q3kxq0l4,SELECT NULL;
zx2gaper7e061vd7jfse,SELECT NULL;
105dxg5mydb9hgzx4aia,SELECT NULL;
zmDrIDQLiUZizwqkuCkI,SELECT NULL;
jlt9k7i585x6hrkniufq,SELECT NULL;
2zldqyk51qhdvwe35d5w,SELECT NULL;
iq7753cz04r820a7ekji,SELECT NULL;
cu6wwqypr88mru1ag5w0,SELECT NULL;
o76di31u7hyogvcz0uo3,SELECT NULL;
7i21jx2ki5mtzigpc6bh,SELECT NULL;
azup0uwl5ubp9jxil9yr,SELECT NULL;
bv6qp2ptx58pj4md8oja,SELECT NULL;
16522758kqzi8srqwpd4,SELECT NULL;
2vvoyq5u8wf4mk371b9v,SELECT NULL;
4ecfcp93ecgffp4mu2kc,SELECT NULL;
h3nh4xjm7bfyzh7cg3gl,SELECT NULL;
y9uj0k4pakhyiv4tc4vz,SELECT NULL;
1o64pr8ebj2shzt36rvw,SELECT NULL;
htr274yrsdtdo7uh7io8,SELECT NULL;
jodctrggdwwcdiqatln4,SELECT NULL;
9scr4a01uqsv3kh0dol3,SELECT NULL;
uo0aufxxesmspwllz0te,SELECT NULL;
wn55pjpywopgl792s3pj,SELECT NULL;
02y6klqgosnubr0tngj3,SELECT NULL;
q8aejkz2tlo46vqfz6bo,SELECT NULL;
u0f0ady5hnq6qzhrvbpw,SELECT NULL;
6rjwb0ojq4maecsrg9y7,SELECT NULL;
wynzrxzogyyz1wp5en8j,SELECT NULL;
a8o67p5qhxjt0tbg9gcg,SELECT NULL;
p5trmfz776vme2zjwyym,SELECT NULL;
m46qcg6ir50nn77vdazu,SELECT NULL;
k5fyyqgmi59x7b8662jc,SELECT NULL;
zdyg0obwucfk7cwoaxmu,SELECT NULL;
jad63sjjzkdnoocoaxb5,SELECT NULL;
n4ivfaqfldmrjx0jk6e0,SELECT NULL;
0aol5ws8trtujq1xy5vq,SELECT NULL;
l7ku9yw8vg6ll8u8co5q,SELECT NULL;
adnlv83diiyhnph9gumo,SELECT NULL;
uu89fniy7us0av9fzi4w,SELECT NULL;
aj31oqe5lx93rzainpw8,SELECT NULL;
8gayqawrqxuac65bn341,SELECT NULL;
p3tfsourtnpi7i7zijwe,SELECT NULL;
aczmg0urhk36zdqof40q,SELECT NULL;
6i3n7yqlm8gg6sc55xe2,SELECT NULL;
igy3uq4mq8zas37gsvzq,SELECT NULL;
w4hbxoqe06o0lvj81ycc,SELECT NULL;
pskf3aslroopgjmi1dco,SELECT NULL;
chmzehogbsqe2fd76ir7,SELECT NULL;
a2tta7t10bj5ydr6rjpn,SELECT NULL;
8hlx97nrmm89puuwxman,SELECT NULL;
b574der9h95czsiikmk9,SELECT NULL;
38n4anlpyvxfd1c3r5mt,SELECT NULL;
rei9uqr3rpa0zbpjyu7s,SELECT NULL;
yldn2xmzs5bvgyx9gawj,SELECT NULL;
5q7ysml4veldywgc8wff,SELECT NULL;
3r8thjc3u7jj2ytkshnk,SELECT NULL;
mek2yhwgmwb5w3631ujy,SELECT NULL;
6yd3ero7hm5ou23mmlzh,SELECT NULL;
7klmjn5o6fjd1frg9umn,SELECT NULL;
n0zffkd4zs8adjgrc717,SELECT NULL;
2e2qu5e1y3m6n8ehr258,SELECT NULL;
aq5g0i7xjuuffqkgnv8m,SELECT NULL;
07b4v7shvackfiusgyg5,SELECT NULL;
twt6p7mljh8sa3kr3vrg,SELECT NULL;
4s9p1t6s1xea0kg2sqyc,SELECT NULL;
y6yk493fbfi3bzg7x5wo,SELECT NULL;
3panfpywd3gacu40lnbi,SELECT NULL;
ta2hoo45updqhggu18z3,SELECT NULL;
e106yz12m43db10iarvz,SELECT NULL;
e2fg2hnbbwuw9k0tn74g,SELECT NULL;
ygoj44euht1pgbvtgxom,SELECT NULL;
85emf4bo45ndt5xe8xh4,SELECT NULL;
equdb48hipkjn069wifs,SELECT NULL;
3utz23mcji9b75zlh7wu,SELECT NULL;
k6c5p8b7mgtqcq043ktr,SELECT NULL;
2yd6g9ihuup1teuglc46,SELECT NULL;
4vo1tkbgid4stn4td9sp,SELECT NULL;
b5n4l260w2s3ta3eu99v,SELECT NULL;
3mey3nnrh7t1zkvy2by3,SELECT NULL;
uzhgfx48p83lyjxlkzt7,SELECT NULL;
c5zg6vmz255bo87yupto,SELECT NULL;
odcj18x9tj1py6weyuqn,SELECT NULL;
adqxd5wzgl382915pfum,SELECT NULL;
xofno8pskksvo0n3wxx5,SELECT NULL;
azx1pa220w6ha2r623n8,SELECT NULL;
smh6o6s6dxb41vo5z3n6,SELECT NULL;
rxtbwvpxxja6c22dfa9h,SELECT NULL;
eqvxhq8kylv0exzuk18s,SELECT NULL;
pl34yc0gwxso4wy1n9rs,SELECT NULL;
2cvbvrdgg4bm661udyh3,SELECT NULL;
khx10bwy029nxtxp5x50,SELECT NULL;
fpk35e30quvppp9a4o3m,SELECT NULL;
xqwljp9rtr61arr4gzhq,SELECT NULL;
5j251e1evyxuqrui98ym,SELECT NULL;
miy9oziq66esg5oanoix,SELECT NULL;
al1gsa63h8hk05axey4b,SELECT NULL;
urqwq2b0iv7r99s2hn11,SELECT NULL;
wayaawofopue928w6lu3,SELECT NULL;
isthblk0u53yr82zbq5b,SELECT NULL;
j1p7e2nzgf7u43oe1b55,SELECT NULL;
jeo2eb71d3tauik0g1g4,SELECT NULL;
joz6s4ou7wzortzq8imo,SELECT NULL;
zbccuyfm26q188osp5fd,SELECT NULL;
790csdy4hpdvoek4dxjv,SELECT NULL;
7hzaqupp778q69kjmkup,SELECT NULL;
sjam13t7at4hv4geyrfd,SELECT NULL;
8g7z14twqgxbptdn8495,SELECT NULL;
z1vpxuex6x0rhwew2rmu,SELECT NULL;
99m30p8jzccara2rrzwm,SELECT NULL;
nn2kt6tl8lyj778id65j,SELECT NULL;
1h65gyq9gg7xvel44m2v,SELECT NULL;
16adgj33kmu06ximzebk,SELECT NULL;
kbqicj2ml7o4u65g6q7n,SELECT NULL;
zbu9sgiox7hrk1zaksgg,SELECT NULL;
vw9y5twfxww9vo6pdkzb,SELECT NULL;
dy89h529yitz68tw31qz,SELECT NULL;
tzthdk52t3drw51qy7bq,SELECT NULL;
v180go8h9h6mi9ii853z,SELECT NULL;
9sypzauwjvgb95eg2xrg,SELECT NULL;
a6k2mjxv6sevrerj4mq2,SELECT NULL;
mxexzoh6e1e10wxqas6o,SELECT NULL;
ym6dhliv9iz2atzkzkga,SELECT NULL;
tbi1jn8dsri441yo7893,SELECT NULL;
yrgul932erb9w5bn1x4a,SELECT NULL;
2ygo8k55ld8ruoev2i3g,SELECT NULL;
5nqeh7e2qe9okjekdqba,SELECT NULL;
4ws7jbk090wh4c68ewyz,SELECT NULL;
9lyhn3lneb5zcptjhrre,SELECT NULL;
14jf4ta05bl50082witg,SELECT NULL;
oyhgyjbpalnxo6hckamk,SELECT NULL;
lhn7uze54atq42bfg0pw,SELECT NULL;
n8c1m2ncyinboi3qzck1,SELECT NULL;
uh0bajrs4grqjs92u9bn,SELECT NULL;
rahiyyhgh4kqm4x26n17,SELECT NULL;
a3jg3zipon1a8juoobwx,SELECT NULL;
nzedyku5fip5ao0o7qp7,SELECT NULL;
skjlo4w7roj7ssih8nob,SELECT NULL;
2zq42eza4r07ajbzb4rp,SELECT NULL;
qy2i2d0uvakhc9e0ly95,SELECT NULL;
4zaxcfkdz50s0c3e6tt9,SELECT NULL;
uk1o0n1qvu07pn6tdafj,SELECT NULL;
736ztxpzir3p0cti0p53,SELECT NULL;
ftouznx4jteeejo8w46f,SELECT NULL;
1vgbx2h9dnnxogubahcp,SELECT NULL;
5vc6dh3tdp8yzren2k01,SELECT NULL;
041ctti0jr9uzljkhqki,SELECT NULL;
3ths98w0avbp0ybj8h2u,SELECT NULL;
dg5kowmnh9qmgsv59nrm,SELECT NULL;
mceiq1mbshcpfzxlwqd2,SELECT NULL;
rlu4szuwdtx3z4ip48cb,SELECT NULL;
qek7vzms9zc9jm05actr,SELECT NULL;
hv9uyitevidd4ishrcjy,SELECT NULL;
gmos0hsy34j9se474kdu,SELECT NULL;
9065ig949dujumndudtg,SELECT NULL;
yii86feiguabbn8tt935,SELECT NULL;
1uwcuyzibxbje1ti0zc6,SELECT NULL;
KA95PfekwifU3U1Swd7v,SELECT NULL;
6b2a0shbxhj8cknji8fq,SELECT NULL;
7nepcs9covhsu7xu5byk,SELECT NULL;
f5g0kjbvh8nbvow1pqzc,SELECT NULL;
18hci9v6n3cpggdo0i4p,SELECT NULL;
0phmod6udio5upy8ug05,SELECT NULL;
pws9u1ko2hb0i3gx8jr0,SELECT NULL;
kan15jsdqbulr0gn7eyu,SELECT NULL;
opdce4xrvjkd5lntk5sm,SELECT NULL;
pygmi8u06ckpap4amm0d,SELECT NULL;
k5MBvUIR5pEydTYOGTjF,SELECT NULL;
brsesmfm24kjplo7qx7f,SELECT NULL;
xdtt6rq35igqt9083bfh,SELECT NULL;
9pvcqkb9o3z0kfvmtpbm,SELECT NULL;
ax3hgq7ptaoavyh7y4fi,SELECT NULL;
ns52ppg520fnycchwwu1,SELECT NULL;
xia7f3vpdhrnle9o3jhd,SELECT NULL;
58hgsu5ddd511czeh09s,SELECT NULL;
zw6e3aiwluk1vt5e9g36,SELECT NULL;
f6woqve8mdncg3c6ljs8,SELECT NULL;
3j21z7q7u02x0f8sqcz2,SELECT NULL;
9nw0uhmt1mpaxz8azkb9,SELECT NULL;
ga1EjzIfsKK4g0T5Mz6C,SELECT NULL;
0xtk7h5k7qt3k0641b0i,SELECT NULL;
o8rwc57vbz13n0lg9f9d,SELECT NULL;
ne0c0vusplppn170wki8,SELECT NULL;
uyhil5euan52m1eh8ix2,SELECT NULL;
u4ywgjqbwobjvjxzb85y,SELECT NULL;
pvlemrgbgeyw8j8qlprs,SELECT NULL;
9mxy8bdm4ugybstua481,SELECT NULL;
j229g1n9fakhdyo06qpn,SELECT NULL;
mdhrltv8kzlbmfuvrn47,SELECT NULL;
o52mhsmg79794egjzbee,SELECT NULL;
6fxjjevxsqf35kz1yb27,SELECT NULL;
iqgczxrrmx9sqyi07mfi,SELECT NULL;
rpbtxx9fuht2vz47d2fe,SELECT NULL;
nmryrc6l1spvdp9t4nsp,SELECT NULL;
7ir8epq71xicjh5hq29r,SELECT NULL;
tll4dje3n5l9rxwls3af,SELECT NULL;
q7uhj0qit463zt5fslbx,SELECT NULL;
iye0gmxiua8fqaeyhd4x,SELECT NULL;
u5j7za6n1w4f0us2byhl,SELECT NULL;
hotfk4kl1pthv439jycj,SELECT NULL;
aclm8636eqxcww45wkfv,SELECT NULL;
gtdybwzvt2qh17vztel3,SELECT NULL;
wp5b03iw5gt0dlxgonkp,SELECT NULL;
gueypui336vdu79duy6l,SELECT NULL;
wbeqxqwuktvbwnecxc5g,SELECT NULL;
alhf19tjrct0fc97v0xt,SELECT NULL;
wkqkxl91ctdbwn6f8gyn,SELECT NULL;
7djkxfusy1y66q1a2euj,SELECT NULL;
0k6tnjgjmrp4ab6kmoe4,SELECT NULL;
atnciq53v7pbzl5m27mv,SELECT NULL;
KrQhaC6V02G5Mo8PjI18,SELECT NULL;
fmwthrglska3zv6bmwm1,SELECT NULL;
m1hcu3r3k18hkqeo6i7h,SELECT NULL;
65ua49bibhdxqb82g0ew,SELECT NULL;
bwu29lgifri1ollw2h6g,SELECT NULL;
dj1k1z0qtprbpa7wxi29,SELECT NULL;
czmqtzhmc2zej0pcyr5a,SELECT NULL;
3fj9i5c5flr7tcjlcmvn,SELECT NULL;
lvh8dm4j8jipz6nr2gmt,SELECT NULL;
rixh04nwiabqryow71ni,SELECT NULL;
us17th5rdsegzhnw3qdy,SELECT NULL;
pdc07474q17kowbnc6cc,SELECT NULL;
ha9qy2dlz24ha15zx5sk,SELECT NULL;
n6feqvblank7dh2n3cl7,SELECT NULL;
n4xp6x3118euhi8fdueo,SELECT NULL;
inn428ysw9qoon8wm3le,SELECT NULL;
2fwfyfd1y142ko81nlty,SELECT NULL;
80qakpm3749n094im445,SELECT NULL;
jztjgebo2by787oe4n95,SELECT NULL;
0xt1nfxf68pgz8g1llic,SELECT NULL;
fn7p2pfc7r2tpm4wz992,SELECT NULL;
2ekazac1fxuqm0w8crzb,SELECT NULL;
d1ft5n8jgwg9j70umtin,SELECT NULL;
8co2b5t33mvhwxliiojl,SELECT NULL;
1uvby2i1igwzlf0q3ril,SELECT NULL;
8ogkzul3kltudsako6al,SELECT NULL;
qy6wx4hcd03dovp49s3b,SELECT NULL;
glci1t155pit3gshdfhf,SELECT NULL;
mogxvpv4pdgodbs1ec5c,SELECT NULL;
6ahjlx0kdeysv4jw4kem,SELECT NULL;
5zzlpcxiu4ky4na52gpw,SELECT NULL;
ysdvls8jbb3xcz5cqlmb,SELECT NULL;
bbl08v6v1tw37ey5g9ac,SELECT NULL;
wsrhp3kb3es0x8w7wfbb,SELECT NULL;
g5ckb182aj47iwb43z1f,SELECT NULL;
xbtn07xxqxrhix8s2ubn,SELECT NULL;
q3932sw7rib6sqnh7idk,SELECT NULL;
em9bn11cukudwbov0xok,SELECT NULL;
n60xjvs9vt8fsj1ddpvb,SELECT NULL;
fc4i5pqtmuiaxiqpumse,SELECT NULL;
2wq7n4u1hmf9yxu9ikld,SELECT NULL;
ryrnyqbm6tk45e8cs84j,SELECT NULL;
qebhib5q0pnwmyz7kp21,SELECT NULL;
rln2s4dtorkgv1xj591s,SELECT NULL;
khfbxit3hpmbylihw18c,SELECT NULL;
ivtquo1ihtbi7o0t8l2c,SELECT NULL;
o06uft0b5z9wlvxgqspq,SELECT NULL;
abmlq5qoho6t3r2nxo72,SELECT NULL;
o949j95zmkvlc0kn24og,SELECT NULL;
6i1rg0p4y81r9niebokt,SELECT NULL;
w6icaoxza9c07gq23l87,SELECT NULL;
qx337uxyp0uf8wxsh1xz,SELECT NULL;
lqh6iutsumer8fmn5or3,SELECT NULL;
7b6g5tof4lnt09ey0y7t,SELECT NULL;
6k09gyiuxat8sy4z6xnc,SELECT NULL;
vcmmmo7n68lx01efx3aq,SELECT NULL;
rru046bt33n27r23skcn,SELECT NULL;
ogx5ao7sen1t2odgtsw6,SELECT NULL;
p2qxkhgyp1nlhn9oydfu,SELECT NULL;
9g0y9j5xi5ij36kr3qyp,SELECT NULL;
qvb1tudomht2fybhgfvn,SELECT NULL;
tgn05xjbimcxns4it0p2,SELECT NULL;
ssdfdp6n4n952pkhwqsd,SELECT NULL;
q59gusdq6y76c8mgv1hx,SELECT NULL;
6neyv0zlzjjfw2hotoif,SELECT NULL;
h32t2jdbw84mcs4xv52y,SELECT NULL;
3cjbygwms0o21ozhzegh,SELECT NULL;
66cmpus9n1l6jycxi02p,SELECT NULL;
pcyqqwg6wbx9y3zyh2cw,SELECT NULL;
k8mj6aeeny2t4qeq9ztr,SELECT NULL;
yj37lzsvdxprwyshvzis,SELECT NULL;
isyord0731x7npv24n6a,SELECT NULL;
e76tyulsvvri9zdfx69g,SELECT NULL;
3pvmvrhfq77jcy9w4bsf,SELECT NULL;
xiq6iiois5svebk83qrl,SELECT NULL;
nljstutod422y3tc4xd7,SELECT NULL;
dpthq2cdcai6ngbm6lls,SELECT NULL;
0nec8la3rnwg2lqeo13s,SELECT NULL;
bb7pdvhtlydyfuqfujc4,SELECT NULL;
v67sd2jiy94fmgf4buae,SELECT NULL;
6zurgswsx2jvufg25rct,SELECT NULL;
SWToVQB6SWIQN9HlwVMz,SELECT NULL;
ptkfbjkr7quh4flqu5rw,SELECT NULL;
y6i4a1z7p3lzzsso77i5,SELECT NULL;
hbnds9iizs8d448pba4z,SELECT NULL;
owy6ubz5pgc2ypgmdxpt,SELECT NULL;
w7wpl066i1luj6qpuxp8,SELECT NULL;
yf8f0uqbbsocfgwp8bx4,SELECT NULL;
vjft7q1iiy641asunt0v,SELECT NULL;
82yio32r02q6szsjaby9,SELECT NULL;
26pgi5axc2ww6zwag7vj,SELECT NULL;
7yg4kys4xd1yfym0u4l9,SELECT NULL;
5sp18d04ar3ifktsrc6p,SELECT NULL;
3vxlpksnw3ndkn196leb,SELECT NULL;
gioyzlwe3kw50w6f28q2,SELECT NULL;
vo9q3jjkjfy4y9j0wt0p,SELECT NULL;
xxbptsptjpqrg1l15fs9,SELECT NULL;
0ud0aq5aaspksjuq12xe,SELECT NULL;
khfohig5layjxmavhqfk,SELECT NULL;
ovkg2jbpbs39dv5b3c2t,SELECT NULL;
jc4elreakuro2am5q24m,SELECT NULL;
vcg3ug5w7pmeo5sb1cnp,SELECT NULL;
gj16ftg9c9051m0qy6kg,SELECT NULL;
f6zu7yzit1bjhtfjmpri,SELECT NULL;
58ar6kfs4fv51qjzn8zg,SELECT NULL;
8zxvf4o06js439cgckv3,SELECT NULL;
b1ehvhqgap65f620g27v,SELECT NULL;
vv66hgehwjzw3ajmsr24,SELECT NULL;
t5v5XCed5LVQQmCvYw15,SELECT NULL;
3vv1n4k10a7jplpvurk8,SELECT NULL;
7pd6h3yo8nd4ke5i9icx,SELECT NULL;
jpyqaoi2dhuia8g4ic4s,SELECT NULL;
e95iz3dgoys9u895zqt2,SELECT NULL;
itowgbftwhbr40pdqw5y,SELECT NULL;
xe90xsfj2atlp6wkr1r7,SELECT NULL;
pe978dnrtmddkvuglfky,SELECT NULL;
ZeuwXiTBzmcNyJoedRZ8,SELECT NULL;
15i9922th2ak2nzshbgy,SELECT NULL;
Sy2SRNsPICqoqzU6h6ja,SELECT NULL;
grr3irvezbp0nesucb5b,SELECT NULL;
bzj5kmy4lwnkkt2rwarm,SELECT NULL;
a28mpttmal9lwmwrr9if,SELECT NULL;
uhc62hm6tgdqylsfg98v,SELECT NULL;
95ugxc28dgj14z1ks9i1,SELECT NULL;
g7ctslmpp8gbvoeid48w,SELECT NULL;
cqz6zgmd59vfeb5k4pvh,SELECT NULL;
er5xtunntjv90kvwhxdd,SELECT NULL;
i1n0834vmzvfwp95uj2b,SELECT NULL;
76hinf6wh0nnojiunsz0,SELECT NULL;
uf77csa1uoz8ngntxsft,SELECT NULL;
gs8oqirgsmyoaguglpfl,SELECT NULL;
vzce7irt67m161rm9hu6,SELECT NULL;
d98o1i4bkau566gk2p8h,SELECT NULL;
9g4a2n583usn51mide7e,SELECT NULL;
0gyzhf6lstjn6n3ju149,SELECT NULL;
jos6ubsze5022j6dwb80,SELECT NULL;
ui916tld6w9eabhzxlwd,SELECT NULL;
5zsxpl7n3uz4xon01zgx,SELECT NULL;
0gnzgdic6asvaptz96pz,SELECT NULL;
y9j8fqa0vdiyycah55t6,SELECT NULL;
x3m2opxgu87y3lwuyrwm,SELECT NULL;
du33p1aoh386kamjz9sw,SELECT NULL;
5w2nl7w7mr694phffoh6,SELECT NULL;
4w4eiqydymhhfapy4hxw,SELECT NULL;
d2hqlgras4dq632pm8wk,SELECT NULL;
slvub3fm168xbddbwssv,SELECT NULL;
6poo3e04dwbekzfw3i4c,SELECT NULL;
jsggz2zwfu3tdun50e0m,SELECT NULL;
3kn0dp9yo6fw182dw4vn,SELECT NULL;
p7idGzNEwnrn0UC7xlek,SELECT NULL;
3eh3thjgrcfsq1tp5o7x,SELECT NULL;
dbvdpehdd3iykpz5lkmy,SELECT NULL;
u5y9hp1tuk7s3oqbmee2,SELECT NULL;
03v6pyx09q7gvt13vsl0,SELECT NULL;
tz23uxbovxacq5cscuvl,SELECT NULL;
pl9zak4n5b941s1muaze,SELECT NULL;
hi6ws2lufot202vscvmw,SELECT NULL;
pcnwir1szf1a3d3nv69w,SELECT NULL;
sznxni6jtau3h84iaq4h,SELECT NULL;
nokb6i12e2hyjicjhjqy,SELECT NULL;
f4014x732hxxmu0m64xe,SELECT NULL;
uwevpebkdev09jia7r24,SELECT NULL;
cg6gzxnuh4mryszzb65n,SELECT NULL;
caxgdd2zxik28xait59i,SELECT NULL;
v6xsy1gag9uypdla1ogm,SELECT NULL;
w2k6kdfuieiyw1yq92ts,SELECT NULL;
odapewrko01hkc0rkb5x,SELECT NULL;
fgcfazxf3vd8tfqbupud,SELECT NULL;
i77lq2zchogiv073ix0p,SELECT NULL;
h1xp1r4rowwkyou028s6,SELECT NULL;
2g3ulx3g7ens9hko04yq,SELECT NULL;
6ct7e5f8o8q8nn1anoir,SELECT NULL;
d8v86opdtv6kdro0nl9k,SELECT NULL;
7yq43sjja0yiehtsvaoo,SELECT NULL;
507pfu3d6non3v9szq3w,SELECT NULL;
cpjjuazo1o3t0v13dlna,SELECT NULL;
prslfks98t73wyku4gfn,SELECT NULL;
wu0d53qcxou3662sbnhi,SELECT NULL;
c08z9sqsf9klsn80zrqj,SELECT NULL;
ig6l2hmw4uok95fh8b3n,SELECT NULL;
grd44jz8ewldky3t6otn,SELECT NULL;
wj7wsp7t0amqytrwy8ty,SELECT NULL;
u4zt9miq6xu7xc4v3juo,SELECT NULL;
0fhmn5mf6fw1rweaomu6,SELECT NULL;
ut32lz29fyfx7ixzqkcr,SELECT NULL;
52zjr43s6004xay0hba3,SELECT NULL;
i9eq7sqo3zu8oqpqoc0r,SELECT NULL;
82jbquh7wxl1njigufuw,SELECT NULL;
8fnzfg9i6sw8tkkmjb9j,SELECT NULL;
oui6ecz4a8ke44od0tdn,SELECT NULL;
854rg6qsl16bvsoflwef,SELECT NULL;
sw8nchc0kbvkb73xkrae,SELECT NULL;
ali07zs7uor9ll38acyq,SELECT NULL;
t16fmc8y1fflvnqm302p,SELECT NULL;
w2mce01ifa19yn4uj6sq,SELECT NULL;
5hpfg8n9b786ay3lbl0p,SELECT NULL;
iPzb1I4MsniVMxFb8rIT,SELECT NULL;
nzo0e8hwlajfyv0kexoy,SELECT NULL;
56hwqh36pki8zzossw8k,SELECT NULL;
5n4msskqjdoz2qysx03l,SELECT NULL;
zci8icgysq65tptxk5i6,SELECT NULL;
i7kslyo6e76qnm4m0qf6,SELECT NULL;
r4eie8x4glm46ul46dic,SELECT NULL;
mslufcwuxrlzq68k39h8,SELECT NULL;
t7f03xfg4udx54s8pfxh,SELECT NULL;
al4gih66q9fqx1ye7xi2,SELECT NULL;
h2vdm2qzkcve4hwtnd6o,SELECT NULL;
kc2a7wqdk0q9n2z3f37c,SELECT NULL;
zeytfumdrmeb2o92py98,SELECT NULL;
4mr5ns3l2ug5kpmti5yp,SELECT NULL;
qtden56gavn9r5uwq7vd,SELECT NULL;
uvpgdcdtbz2z8b6gj1tu,SELECT NULL;
qtgy34z0grr1rsb022y6,SELECT NULL;
tb3z65yzckudam83p2w1,SELECT NULL;
mqihcz3m2hcoplc51i70,SELECT NULL;
srjiipnj30rdh6lm470h,SELECT NULL;
jh3aa0frkvkvm1ml70s6,SELECT NULL;
s0uxrn9yj4re9tj77ai6,SELECT NULL;
iyx9w6285ehh52jrmgd2,SELECT NULL;
3fq2pylejtn2azt0549g,SELECT NULL;
62op1v3l11opa3ic5gxk,SELECT NULL;
j4ow6hxxavpxafb2ti81,SELECT NULL;
jbex23sir553yuztkt55,SELECT NULL;
6wyf7zq2zye315nidx6s,SELECT NULL;
k72vubkxk2d8leiajnvg,SELECT NULL;
9ovuiuun3kyttidiwlmm,SELECT NULL;
47cmls62v6b9xanxkp7n,SELECT NULL;
3e0m43wqps8jc5gavuqm,SELECT NULL;
0s3ide4v914gu2a86nrx,SELECT NULL;
dn4fgi488keyj2xxgt03,SELECT NULL;
bajw9z8az5bbaut2puvo,SELECT NULL;
b4y5xu3n7qys1vxw0ihc,SELECT NULL;
wn4t976up2p7p5a34h1e,SELECT NULL;
lkh88feqv4el5qeos8fw,SELECT NULL;
i374wczyhjpw3qbqq7fy,SELECT NULL;
m2zxontzc17a57rxsamz,SELECT NULL;
5rzi1g6u2p3ydua2gjfu,SELECT NULL;
6uhgnlnldydgooh9qt87,SELECT NULL;
4d4b3nkfn6kqgc5vvaoe,SELECT NULL;
kxy3ddnqea4iavbp494r,SELECT NULL;
znp6fqnzml4n7xbpi5tb,SELECT NULL;
fzui9xheoq4ul6azzxyk,SELECT NULL;
9gw8706dy3yibpspm2he,SELECT NULL;
qr15b88h4uhvhlefwp8a,SELECT NULL;
w89061wtm629wywjyads,SELECT NULL;
lxdzrzicv17o0oppql2u,SELECT NULL;
10jtkrjuqo9j10jhojfr,SELECT NULL;
hab80ia3hi8w8syv4bi6,SELECT NULL;
69m1uos3wpp2zqqgtmwu,SELECT NULL;
2xiz5lgf1y6fd7b806ky,SELECT NULL;
xpdk5ypirm7s46iln1ad,SELECT NULL;
b8ecfdq943zmxmy9t7yr,SELECT NULL;
t3dg3q9i07djgnvi7f1j,SELECT NULL;
bc096bff71w54hqpo544,SELECT NULL;
zwx1kaqrpp73ty8nzypb,SELECT NULL;
02dskon9lefb1hc6hjod,SELECT NULL;
spd0z1jab56tj0yx3t48,SELECT NULL;
hkru69ycqla71o3pvd4o,SELECT NULL;
l1oyos48fb3v1qlfvl48,SELECT NULL;
tgipt60a5bmgodabg09q,SELECT NULL;
fooelpc7evli6svht8r0,SELECT NULL;
vdp2f56d9fqmhoocfafe,SELECT NULL;
mo46ft356fy9sxrn30bd,SELECT NULL;
gyhq3v3h74lu2dz59ac0,SELECT NULL;
sva0d5twn6k03mzuwzu9,SELECT NULL;
ia455qmxfia4if10vgwx,SELECT NULL;
y6rmm335vdgycfs6bncd,SELECT NULL;
e5ivnjriielkfuvstfx2,SELECT NULL;
rwqw4q8pd7y15cdotyy8,SELECT NULL;
bvznvyf2ayxjo3hg465j,SELECT NULL;
37upcti5c7i7sd6xzvsz,SELECT NULL;
ypkzcz9hx9wtqka7q8ns,SELECT NULL;
dbff09awt31ojhd48nsr,SELECT NULL;
rgzn758japhyqbax0ah6,SELECT NULL;
sjnokn1g8owrn49qgs95,SELECT NULL;
rr6tu0ulgu7da3whqn8j,SELECT NULL;
mz5abtbds6qpr7zc65ya,SELECT NULL;
esd3yy2h4yb1pi55gidv,SELECT NULL;
1chllcvdnj943t8jjltu,SELECT NULL;
ll3h57p7hc6grqgp9xlu,SELECT NULL;
32w1qjqukg7gvk3i3z5c,SELECT NULL;
6ybahuqz5oaxawuz74hz,SELECT NULL;
tnaaue5apikm8w1vcox1,SELECT NULL;
q4yl9rc894wek2a8vjx0,SELECT NULL;
ljufsmox4nyzjxug8mss,SELECT NULL;
lpxexxr1yebpmqy7lvy3,SELECT NULL;
fzkrufy2hvz4c3rr44sw,SELECT NULL;
b669x7c1j918okj50ck6,SELECT NULL;
f2hbo5t0k80210gmk5jy,SELECT NULL;
cj3jiu29sz38vkr5u60b,SELECT NULL;
waeo0bjsvff1syhgpp4c,SELECT NULL;
7ynd7yrjorvnhjal9fef,SELECT NULL;
m4fzivfzv6yq5uy47p0n,SELECT NULL;
brx0y5o6m5aoqv8f2m9y,SELECT NULL;
793v02vdow9kkjwpyzu2,SELECT NULL;
phhp9u8218iddho424w4,SELECT NULL;
c626dzg0pso7raqf5zmg,SELECT NULL;
bz4ajmm11wkl7a95aq5a,SELECT NULL;
rconsywu8g7z49lnzpcj,SELECT NULL;
6ti32y4on9ib12kav8om,SELECT NULL;
o0fukygtuemmxge1735b,SELECT NULL;
ivctvzym7fvghxw3fyif,SELECT NULL;
lhakqtcg70jjy28ccbou,SELECT NULL;
wslghz8492jepqpe6wll,SELECT NULL;
la08k7u0wbszfe8kis1n,SELECT NULL;
sv5b1recup3yupq3ayl1,SELECT NULL;
z6nl7r64iwes9kn0fuuc,SELECT NULL;
185cby7ekikv664z126o,SELECT NULL;
e0g6beakudhsxbtaiycx,SELECT NULL;
1eh5l2ewbjrqbxjm81yy,SELECT NULL;
h2ovzpp4cpx2ko5rki2p,SELECT NULL;
fanyegdpdlo2y03tgog9,SELECT NULL;
dfmjr11ui4dxmkgn7ys3,SELECT NULL;
c5qmortjekx0kc04enzl,SELECT NULL;
a1ogi930uwms446j66ww,SELECT NULL;
tk1ekvsbcbafxnhtp973,SELECT NULL;
girm9si6wh5fikn3v1y3,SELECT NULL;
p997gulph6r8jhg1ymq1,SELECT NULL;
lls376w9mtgpilbw1aqo,SELECT NULL;
vtohbed8krorvq383zwr,SELECT NULL;
m52yep2gx0a9erdwqjs9,SELECT NULL;
rqpmjl6otoq5j629tm2n,SELECT NULL;
oupduumrilhsoz5hdy20,SELECT NULL;
887zs5pytvvuzz5qua99,SELECT NULL;
qi83cmqa5dfuf3kmedpj,SELECT NULL;
tcybso98us7gyg6l3mg3,SELECT NULL;
wekfan39lr5w5kchjanu,SELECT NULL;
ch27mzx5189r58nz2yzz,SELECT NULL;
xrjut917meez0cvh23k4,SELECT NULL;
8w5ichjvcw4vrwymbq5u,SELECT NULL;
45lb5fubgj5ucoxd8jst,SELECT NULL;
g7vd0ua3c0s2wlbi5wpf,SELECT NULL;
zf1fhoxw8uii12brtwfp,SELECT NULL;
oucnsqiteiyvdstxt4h3,SELECT NULL;
758xbgudq9k66cyyqbts,SELECT NULL;
n3z5vvmlvxlbulm549pi,SELECT NULL;
7dhexwk6o95kpssncyue,SELECT NULL;
vq7uy1oakvynq2gdav3k,SELECT NULL;
2m399zicxpp2bfvn4pp7,SELECT NULL;
7zw1u6g0y4j9akmb85xw,SELECT NULL;
wngo0tlws3vf19intazn,SELECT NULL;
20sar66aepnmwemu5493,SELECT NULL;
kgb4wxtqmedtfepma1x6,SELECT NULL;
ld2poisbg9w3cgtg2nja,SELECT NULL;
meec6ezxsg60688w1ivb,SELECT NULL;
nw62gcqaptrojamzp9zx,SELECT NULL;
s70ml8e8srvmzw8phmvo,SELECT NULL;
qswvzjuzu66dcahoqb9a,SELECT NULL;
7ddkcvohkmstmtt1t9cd,SELECT NULL;
theik9eq0j1uhujnu7if,SELECT NULL;
4cq68fjfizbej1797crm,SELECT NULL;
df9jjko470xhxe9mrs85,SELECT NULL;
ixf0b7e1kp0zkzpbrj2n,SELECT NULL;
52edn63t06214mjfga2d,SELECT NULL;
wij832vjt62dd2qjtfvf,SELECT NULL;
86qh42x3d3ui70rb1i1d,SELECT NULL;
rhzebqr3w7tx5qgpqp3s,SELECT NULL;
jnqy06e2awuq4rwbf4bv,SELECT NULL;
abwsg0206s33j5dm7385,SELECT NULL;
ghHOR9fP9hoeFkimA7YH,SELECT NULL;
bA9HFoJNHKmS3nYjNDll,SELECT NULL;
odceavgbj2zt9sqyy0zf,SELECT NULL;
8bbqvh3ai0jyg8153eh1,SELECT NULL;
cl7hvtpao0tyub97o5ad,SELECT NULL;
hp7ffqgx9qp6ebkjcab0,SELECT NULL;
n3je8ne203vh8iam4rwb,SELECT NULL;
6hmv6p912q185hd5sxs6,SELECT NULL;
d1d41460b9jaa3cldyly,SELECT NULL;
6brm68bdcn60ct9zkult,SELECT NULL;
7en2xzn5e7v3dh1gzto4,SELECT NULL;
iw9bdf9odca57y1p67rd,SELECT NULL;
ozbvit69b3nltrh1kpx6,SELECT NULL;
3nxy6biyvyjblbhzzsz5,SELECT NULL;
bixtbywqcsegw0z99fdm,SELECT NULL;
9bg9y9qd30va9t1u6ck7,SELECT NULL;
l3jpiwd08j42zn8a3z45,SELECT NULL;
slquju0eojd8jr1y9x3b,SELECT NULL;
3dwaz49t6cedtnd6k0vn,SELECT NULL;
e49g3f18muzspr8myazy,SELECT NULL;
juo4xx5k3fy90otaojnc,SELECT NULL;
xfvfv4iyp1qmshfkfrqt,SELECT NULL;
lzo3y0rbfotdtbqtj2or,SELECT NULL;
sp9jd2nl1tmgyj8h22me,SELECT NULL;
vqvz29s93fszye2z4x3o,SELECT NULL;
iuz6qh9hgztz9zkazsf5,SELECT NULL;
6zbgc2kk3noxsjn0oyxp,SELECT NULL;
8xsrvnldnoiytaib9yk3,SELECT NULL;
uig987lecf06hvqkfjjr,SELECT NULL;
sw7t5p2xv9txalfy55l6,SELECT NULL;
kh225esft1o33wme5c2j,SELECT NULL;
w497sswhby6k2tvttehr,SELECT NULL;
rpev2wq5ibperw8qmypx,SELECT NULL;
soge0nb6vska50rlatj1,SELECT NULL;
wxx8efgvu8v08y9w708t,SELECT NULL;
2z06ybngigp2gex2mqtb,SELECT NULL;
u83c2d7vk7m6u4y5ik5r,SELECT NULL;
h3pcsq8270f5bipktat5,SELECT NULL;
fzl89sp6oz31bkaesz8g,SELECT NULL;
5ofs5exsmy62n1qae1ds,SELECT NULL;
9sol90cw11l8948u2elp,SELECT NULL;
76p4ua0mlygesg8e7hvg,SELECT NULL;
ea9hblo97zjji3sntbbk,SELECT NULL;
upxcsqn0k8y1gtf7xadb,SELECT NULL;
fkexcu5kazstqw7vqygo,SELECT NULL;
sewnji7cqg5yajcd4p25,SELECT NULL;
dro7btuo4p0ep3h1d390,SELECT NULL;
zyzahh1j0nwsyro5fh2u,SELECT NULL;
mc7bgbrc3xnmfuitgd9z,SELECT NULL;
n1ukw3l1wib3wus9u3hb,SELECT NULL;
qafwe6h9mey2o60a2pmi,SELECT NULL;
zgvqni2283u9ef89yec3,SELECT NULL;
46scs18jj616d64ssjce,SELECT NULL;
tcyrhswfl6d9blv2bl17,SELECT NULL;
qrssvdxqasvll5iqqzad,SELECT NULL;
necmx2gmie1kuq9i9ru4,SELECT NULL;
7hcuslf7ungbzarzdu6c,SELECT NULL;
fuS0n4BKFQKme0b7VBti,SELECT NULL;
ot9qmmf07m1so762jobq,SELECT NULL;
5lryonrhrjwqokna4eyh,SELECT NULL;
ek2katq2hy5g2nf35mjd,SELECT NULL;
i8b2clz16rn679341icf,SELECT NULL;
5a87np9i6xsfhhdkq03u,SELECT NULL;
3yyto09y1oh2wtgqtn71,SELECT NULL;
wzabfp4n3ld2dtrev4bm,SELECT NULL;
5rdhem7xcyu7obim2869,SELECT NULL;
happctham6l4kfy74qi2,SELECT NULL;
4v78qiknfil4coilm3f6,SELECT NULL;
sh9zhan1cpxm5kachm8n,SELECT NULL;
xmwohzmdxehvyixcg58i,SELECT NULL;
2bm38yy44ln04aklxl4l,SELECT NULL;
gfy1x718s8uqdlluw7pt,SELECT NULL;
eeg0y9ldlwkgsmto3ru3,SELECT NULL;
zqk345vbjme0afvw7o37,SELECT NULL;
ls9dmc57wv1g20uvb54j,SELECT NULL;
j9lvhzfybnc6imbn1pec,SELECT NULL;
msdgzblwbakg8xvot47n,SELECT NULL;
kvanef5f6xse2byqpeli,SELECT NULL;
dtxxtqflh4gjizn4awo2,SELECT NULL;
l7k1wcjzsafjnaoytuj1,SELECT NULL;
pp955xqzc1e40uq32vig,SELECT NULL;
deufscbfwe1dfjhicldg,SELECT NULL;
fl3y4d1k6zrv2jka41yc,SELECT NULL;
q005cj87i5oajoxt0cld,SELECT NULL;
bhgyhgu6e34j9y93ldw5,SELECT NULL;
8w5xx9r1yjxa8333svqo,SELECT NULL;
s03aqr0urj4zapc0dq57,SELECT NULL;
8vhzeyc6lkdz9s7vkths,SELECT NULL;
iammkvmdv8thtb7if2zj,SELECT NULL;
5qp3n968h7tfdntp62v7,SELECT NULL;
zqneztj47v22h7pwa9ga,SELECT NULL;
l2dbly0d1n20n1stutvh,SELECT NULL;
jsf882ve6d18d822w2d2,SELECT NULL;
9xokp6om2kir3ncytlfz,SELECT NULL;
hikrjz24nn3zh9tkm09k,SELECT NULL;
9s5c160zy94y2jkts16u,SELECT NULL;
8vhesjs6b0640je17hoz,SELECT NULL;
881c30iisrx4zndnqae2,SELECT NULL;
7oo1lx8afo7bovoch2g4,SELECT NULL;
jnabrt2n240vz8oqj87m,SELECT NULL;
tfu5qf34uxmwq3wkyj7s,SELECT NULL;
1nkx48qaa7h9uzdi4pa9,SELECT NULL;
9RGRXQXceCBtgn4bag7N,SELECT NULL;
7vzf97un18nph6os0gqv,SELECT NULL;
8jy43b4lt9lhdw420xnp,SELECT NULL;
rz9k97wi2ujpcn9iwevu,SELECT NULL;
qwpgm40f3hc4zxlny4bw,SELECT NULL;
a7iamu16120m3scym2ox,SELECT NULL;
28d8on01uu6r20fr3ev3,SELECT NULL;
p3hsvprtamm093w3mnca,SELECT NULL;
rqqbp5o1kkdzd2o6wo3a,SELECT NULL;
s5og10glkj9komrh28lu,SELECT NULL;
1o9v93qf8stvapxgxpeg,SELECT NULL;
qg5uz0w02ln6dt05cyej,SELECT NULL;
kczkza9ofs23tvlgbu60,SELECT NULL;
u5qwqjk6olzqdmfh1ilh,SELECT NULL;
mm5bjt55zdxt88nx9jlz,SELECT NULL;
jetzgtmho6x1jenimpdy,SELECT NULL;
7o2b2y4naekcmhptumr2,SELECT NULL;
krbvxc4p4ai903kd12dq,SELECT NULL;
u21rqc3pxtaj58hwdz1v,SELECT NULL;
nle1pg914ym97eaztqz1,SELECT NULL;
vi6xg5wbqmri0k79mxs3,SELECT NULL;
123tpyawcclakkl1hhyy,SELECT NULL;
qipvw43geyh78588dk41,SELECT NULL;
wzxdsnqk7atfw34i2ebg,SELECT NULL;
qee6c37sk5ls490wbhl4,SELECT NULL;
0heln4n1yd5o7o825wmy,SELECT NULL;
t6kp28xoleli1gmnd2xp,SELECT NULL;
9fh1x9as22xb60jl9hyk,SELECT NULL;
wfvrr6u0fy2z3mrnvd79,SELECT NULL;
yt7drbyy8xic8j72whwz,SELECT NULL;
12t8iiovs2ccdepe8upx,SELECT NULL;
wms62p1eye2mi8qsbb7x,SELECT NULL;
c2wqs9rb5suemyj3vuj6,SELECT NULL;
15o1y1k7autkcav3oqcq,SELECT NULL;
pzbonh3bdomjjikwynqy,SELECT NULL;
4sfhxqd9vbdfumkhc04e,SELECT NULL;
44naspqywk5jaay5faze,SELECT NULL;
yaumld182ot6l2vebfde,SELECT NULL;
nj5n9t3ne94wcwb1hc4u,SELECT NULL;
d4kx2dq1t4e3fdgd3861,SELECT NULL;
u44oqzgg1wsqz9eem1j3,SELECT NULL;
e4m9d0mki6tf1r3s2qd2,SELECT NULL;
mrgtsdh80wprd6bulpn5,SELECT NULL;
9d0w5n7xh2nn4boz8qt5,SELECT NULL;
dzh8q0l7w2glnqjt00ai,SELECT NULL;
x9gmzw8j3m1mo716kt16,SELECT NULL;
pe8qkvzdbjzl1ibnxqq2,SELECT NULL;
nmp0d3pqp9t2j7bdu6t9,SELECT NULL;
a5m3yjlws85mzz8k9qyn,SELECT NULL;
kfgzmwek4zajepo4qatp,SELECT NULL;
t4fo37f6xedmjttp4alh,SELECT NULL;
uv61bi3p5zxkryybuvqn,SELECT NULL;
sud2fz7ufd1cm77gduzl,SELECT NULL;
rwwfnuria5melye0ktak,SELECT NULL;
eyt19qlzmzile2c4cbat,SELECT NULL;
6t9w3rgc6af5cd5gsy9d,SELECT NULL;
hsbqauj5ckvha1vyinit,SELECT NULL;
pjjhw2trhsh5j9ic7n6g,SELECT NULL;
9eiu1zj4r9lrh6xkv27a,SELECT NULL;
va9fnayk5qw0re6r9i0o,SELECT NULL;
lrlnkv38f237kc1jz3tx,SELECT NULL;
by1iwwsnltbgotvqzloj,SELECT NULL;
1q5vcdft2wfm9rwceds3,SELECT NULL;
wr9thyfw7hnorelc6td6,SELECT NULL;
8p9ds3q93oqfxtsek2cr,SELECT NULL;
4qconrgm2shwzh76iohj,SELECT NULL;
5qpsz2kuwed79fqf2d9h,SELECT NULL;
9mm9i5jkrdp6dle4hs27,SELECT NULL;
f7qkeg7o890tle09sh1t,SELECT NULL;
l1bhadnsqrqdiyt4m9bd,SELECT NULL;
lmrltjghha29uis31qqn,SELECT NULL;
wm5xre8nvo6yo33rdbbd,SELECT NULL;
vf55kex7c9c90030uzk9,SELECT NULL;
xivexhye98ioomfacy0u,SELECT NULL;
vcov88wwg3fajrcrf31o,SELECT NULL;
6e8e3l0ubewabmavewfm,SELECT NULL;
xiljtfwm4bsnaz3gqha7,SELECT NULL;
frri1c23yt6atun35tq8,SELECT NULL;
mk27mxxtc103bwe40704,SELECT NULL;
tya6nanzu96fl8f39x75,SELECT NULL;
qzcetvbppm72pqzrkumv,SELECT NULL;
7pazpo5cb58s4rf0su9w,SELECT NULL;
r6wp0zd78dqclo76ji7z,SELECT NULL;
xui6fezhjzwtezfal54p,SELECT NULL;
niddn24i5xgps7ivo81x,SELECT NULL;
j4pv31wgd5lys284r6sc,SELECT NULL;
0lfhph7vxllazk2qf3y7,SELECT NULL;
ee2w0p5y09jzk85ztcyj,SELECT NULL;
367jubut8c21xi4npf68,SELECT NULL;
cvx5z265zwx0px2fp3lh,SELECT NULL;
2wwfxebedaspvcms0bv0,SELECT NULL;
xvgmomc4txsp666b2as6,SELECT NULL;
wg7x67i1ah842dbe3ob7,SELECT NULL;
tyu0cyovcupkbalez86n,SELECT NULL;
gx2j9hd474rpanuzp05z,SELECT NULL;
n0daakhfty1g4feudkwd,SELECT NULL;
ib2hxsc6groaegckdsx9,SELECT NULL;
j388ytol8wamn7jb1fgi,SELECT NULL;
jmrsnuppvqx5jf3l7ljc,SELECT NULL;
lly0cxgjhosqtltmde09,SELECT NULL;
Gi6rvm8r54YGZ0HzSiGs,SELECT NULL;
cu5os8v4twrpgsnr18dz,SELECT NULL;
bsmbtt8z5cocnrsj09ce,SELECT NULL;
kp0gk8rfo54st5nhqhrv,SELECT NULL;
qiklv4glbbdkqzl3funo,SELECT NULL;
95upiuzsnjzkob7c4jof,SELECT NULL;
fgtjb3dwf862f5dj2jc3,SELECT NULL;
o2qgeak1kb6f7anfvmgj,SELECT NULL;
duaiujtu2j286o7ewo32,SELECT NULL;
xselv4vsx2ewgoy7k8la,SELECT NULL;
r680hef02rp5zlo9uam1,SELECT NULL;
xul9qnx1rxzw51wqxk52,SELECT NULL;
s799mq0y5mvq25dduo3i,SELECT NULL;
zymq7glu4mhd6m6g2iul,SELECT NULL;
zvrghqgq32b8w1r45f84,SELECT NULL;
d2h5oj7tpyhkq1qyialg,SELECT NULL;
dg5qr2b9of7141ac8dgj,SELECT NULL;
vgu07x9ntqrzh9ij5888,SELECT NULL;
8ohgt7adahmjadpjmj4n,SELECT NULL;
mubf03ql5j6zd8iohkgl,SELECT NULL;
8963emqsidvkrnyh2s42,SELECT NULL;
dm33n63t4gr69u9hxmfj,SELECT NULL;
2tggs3vo93g3urdp929w,SELECT NULL;
9zds44mte7qdxij04s3l,SELECT NULL;
Yc61GYKan784uXP6WSKv,SELECT NULL;
jl85sar8hix9yd2hc7q0,SELECT NULL;
jvjj3j6g158h5z1ckjqn,SELECT NULL;
8a95yug4je860gvpplq4,SELECT NULL;
x157j83wg5vd6g4ug1w2,SELECT NULL;
6odybk3o0veusdsjfd7p,SELECT NULL;
9xrsk01ahz4gzgaudk70,SELECT NULL;
so5x8l6vzbsdp4hls1g6,SELECT NULL;
3txrwq5gv0nj0g36i68a,SELECT NULL;
f5jm4y95tionc4ewrye9,SELECT NULL;
sahxmtynl0tia8pfdcfy,SELECT NULL;
fmgwelw9tkxvzdmatqbr,SELECT NULL;
hiw37ck2g5a74mmfvyh6,SELECT NULL;
bprmu700nhp9f011yd9w,SELECT NULL;
e7nmz1ka5o3s97f86pbv,SELECT NULL;
iig9lqpufcjp9se96gyv,SELECT NULL;
y8i3pxlp2tzf4xfq8opf,SELECT NULL;
373gcur481yykucv1wml,SELECT NULL;
r65tl1tays334bjfqvx4,SELECT NULL;
qltdw77iwszy89dtis4u,SELECT NULL;
a2eo2kzni6q8dte682ee,SELECT NULL;
9t3q0w5aejy5rhdvm7nx,SELECT NULL;
lwoty5swqrth0uz4vtpw,SELECT NULL;
ge7mcu68yky5d7dmtpyt,SELECT NULL;
76j5pkfpgo8edctapxwv,SELECT NULL;
tl95oqt9l59u8ivtg06e,SELECT NULL;
vsxrghfj4mb17swnynl1,SELECT NULL;
qpbb2porbryiinrs7foa,SELECT NULL;
cung9ta1jeqxr330aykg,SELECT NULL;
otvzv3lnnkpk68r2fmvg,SELECT NULL;
yg86rl6m4f0gws659ff7,SELECT NULL;
rrfh37510h4o2ob63tk6,SELECT NULL;
xt29132kkvr5xr0ef98z,SELECT NULL;
j3ehyft6v0tbq1r1rwjj,SELECT NULL;
8rzt6nt18vvhc55dfkcq,SELECT NULL;
0zdzl79y0vdy19nrr23c,SELECT NULL;
dt505n1dkmtxiw3h008t,SELECT NULL;
vxzdj5wgrci9s3s3yb6s,SELECT NULL;
lakmhf352hvv309jbf3q,SELECT NULL;
k2udqfi8zq4493rkqoo7,SELECT NULL;
3awzp8520r2zs550lk1a,SELECT NULL;
j59apcid3if5t7h0zia7,SELECT NULL;
3bdutmnw6abc6283yvuj,SELECT NULL;
se487org99uje4m04wqu,SELECT NULL;
d5twch115uc8y5d11j31,SELECT NULL;
t4eg6q1tzxsmm9tmd5vc,SELECT NULL;
obxln8fsmhhs98zcu62d,SELECT NULL;
7lq5zu30n6d32oiyfdwq,SELECT NULL;
kxhd1sovsb92784dozty,SELECT NULL;
ugbvz6hpdu2gk8lw2izg,SELECT NULL;
6l9t6ag8hxu0m9obq8wb,SELECT NULL;
vgyfywyx1oe11xornfzt,SELECT NULL;
kivc57mh2w3vebp4pbba,SELECT NULL;
nwyw94ccz4cyximvnx8a,SELECT NULL;
qihh1yhmmyyg5v5roac5,SELECT NULL;
otpdvqrgh7a3vseockzy,SELECT NULL;
jp9rpz2uvfoqrkqs78hx,SELECT NULL;
fg5s3idbfulykquw39pv,SELECT NULL;
jtdmc7jun9zfp1rio8pk,SELECT NULL;
nwn6mf60mvcbz6d9rja8,SELECT NULL;
t7pumqe5wqccavrc6hl1,SELECT NULL;
gawr5su9vwbrde0hffxu,SELECT NULL;
7tyfdli7ipqeosxa8zyk,SELECT NULL;
me4uae1hl85wjhhfukz5,SELECT NULL;
hxyhbhied0ghmgr52vze,SELECT NULL;
spslidtf3poy469xs6iv,SELECT NULL;
3wv3dooy90n9sx2quh1b,SELECT NULL;
ebpkgucjy5fssrl6ufbg,SELECT NULL;
n105ug6b7wlyyxqa97y2,SELECT NULL;
sukafcpwrwi7ajpjgece,SELECT NULL;
ieqm0jufebwu4jsiifcj,SELECT NULL;
yeqhuho4n1cgyjjlzu2o,SELECT NULL;
085g0105ben2hxo3q5oo,SELECT NULL;
4cs6penhlf8s5l1z4tu2,SELECT NULL;
dhsqimai25q1ekvmz3u8,SELECT NULL;
my35cyjgnzbletl21hdt,SELECT NULL;
btagzf9x9kdyzl1dvni0,SELECT NULL;
eshztw4pbkil339irvry,SELECT NULL;
4ek43d8aiv8ercenfq2o,SELECT NULL;
kckpwvwfw3w0xw3de47l,SELECT NULL;
nc29q92okqgx3he6hp2t,SELECT NULL;
ema6wczxmzaxnegqxnfz,SELECT NULL;
s79ypvqdd8fzs2m25qut,SELECT NULL;
v15mw72peugiw8jzhy4s,SELECT NULL;
5lq42z5sucwk8m806885,SELECT NULL;
m4ld5zeem300j325ou5w,SELECT NULL;
mldhtkwaq2w8177zzntz,SELECT NULL;
e6fa8glnvwmqqd9ys7xf,SELECT NULL;
bu93m9espuohmympcir2,SELECT NULL;
psl8p0gvy50n086oq045,SELECT NULL;
c4xms54ninyzp083uiqr,SELECT NULL;
lqay8g86cax8k03klq7o,SELECT NULL;
kyxjyh5czg2yy500f4zi,SELECT NULL;
oa7cc8cah6pduzvix2yw,SELECT NULL;
p3qzexhrfwlwjvomtm9a,SELECT NULL;
7xbsyal9yogo5c6bs3ly,SELECT NULL;
28phulvmsdar7z922g9c,SELECT NULL;
k2h61ds9cl6a9ot9exmo,SELECT NULL;
7top5nzkywbi84e2hfnn,SELECT NULL;
qb8bn4h0z7g9blp7ebby,SELECT NULL;
u7c4s1qeroj4k3u69c3j,SELECT NULL;
v5ixznc03rtd8bu9zmti,SELECT NULL;
j3y9pbjqy4zwnf7o50dm,SELECT NULL;
cx4yexe3b1l9muxekwe5,SELECT NULL;
nzom5d1vdf6rhyl9uiq8,SELECT NULL;
m3vqb2482udazbapy4v1,SELECT NULL;
f770g2rxs77xo2w7uswh,SELECT NULL;
prj99o89329aszynvuxu,SELECT NULL;
hp6yoye0m8t6cebdt31m,SELECT NULL;
v8su9y09qgg7bv7sl9g9,SELECT NULL;
ydeifk8fs3vvi30am6is,SELECT NULL;
ovmufp2ryjn1r4hhmb5t,SELECT NULL;
0t2f6sfctp3d9wtsu7ax,SELECT NULL;
r0vep3dp3idyfl76vs0x,SELECT NULL;
sl9f61e82ejhpl0o380h,SELECT NULL;
tqdgdchuff0guzas7bw7,SELECT NULL;
5ao1gcfilwisxjqnwk3r,SELECT NULL;
baq9f44c417ccdml0zg7,SELECT NULL;
wt38doa92a6wvkhdk7qb,SELECT NULL;
f2tv8vn68it1yjmmcutt,SELECT NULL;
3o5wi0l90yhppduka6gn,SELECT NULL;
rbez1t8g5fd0jgkcxvoo,SELECT NULL;
34qjz0ty4cf8qk9oueau,SELECT NULL;
d04t5c5x4xi73d77xf3p,SELECT NULL;
el46ru28bki2jexw3w75,SELECT NULL;
fgc95mu39d0pott8o0yj,SELECT NULL;
3h6j30r22owazxy4ps6m,SELECT NULL;
uhuvvwqv5zcff630v36m,SELECT NULL;
7vyn3ecttrb9o6erbvhg,SELECT NULL;
qoyynyyyx4st1k2jiq5t,SELECT NULL;
uwufjjbvmn0u82auzgmw,SELECT NULL;
y05qh611e17jgbzrtupu,SELECT NULL;
ca6z1oecacy7kjqtjndc,SELECT NULL;
q6rncf12cjyzzy30xj5n,SELECT NULL;
jtgbywodmvdivv4gz95n,SELECT NULL;
06v8owz9bw8z97vf810q,SELECT NULL;
v6cuo2cfeyqh8j41i1r1,SELECT NULL;
74p59ol2db7w8w8m5csl,SELECT NULL;
ghqr2a9p56bpmti7vosk,SELECT NULL;
emdnehqnli9isqtu4puo,SELECT NULL;
d7w1wvycnbip8iwmsk6w,SELECT NULL;
yyo1iiwy72djdpr9xxe8,SELECT NULL;
udl4ds7d9ph5w3s32qjn,SELECT NULL;
agyrkw0t4hoyfyifqhrs,SELECT NULL;
j1042coaguowfkv3he7i,SELECT NULL;
6g62s1ut6sg02qzj886v,SELECT NULL;
qy02ul4dl88qbap55qcx,SELECT NULL;
zrx2ag7v4tmewkxymuyq,SELECT NULL;
wq5zwi9nsdy8adtgi9qh,SELECT NULL;
5w9x9p2u1ueyt56lrdoh,SELECT NULL;
hv5la8scp9vjuzlxh9ex,SELECT NULL;
txrab0e86x7agqm9fqg1,SELECT NULL;
x4tcz0le3hec7rmfixgi,SELECT NULL;
cgw1j5uu5fhs20zr66gj,SELECT NULL;
469pn9w876yccowbe86k,SELECT NULL;
56i4xi4igl7we0atczkr,SELECT NULL;
gorrqd2p2ny9ii766dmv,SELECT NULL;
0eqp5lccpgnsduc9tky3,SELECT NULL;
bqf83pba2q8pnlwr19gf,SELECT NULL;
arrc2k6exvtwcrraieml,SELECT NULL;
6pjt8lfm29d9l4oks5du,SELECT NULL;
h4j6v6qc7uhcm584vlcm,SELECT NULL;
shhfe7e5qdvinh2tdqe6,SELECT NULL;
nqs3z5sg458y96js9tkf,SELECT NULL;
7tozt2g3lbaqnnh1dqow,SELECT NULL;
mqw6dfvy23i9n0i38ut6,SELECT NULL;
fxd7wo8qmygaiqkpd930,SELECT NULL;
1lzcfdxy5pt8tv7i11tm,SELECT NULL;
i4643qocuz6nxt45fyt1,SELECT NULL;
3hal5xsfaamtxco7nyvy,SELECT NULL;
aq627jov74lpbg8gsc40,SELECT NULL;
z9m2gctju1jny6ynluuf,SELECT NULL;
pwgv2xmj4va2muyh5e75,SELECT NULL;
macz7jm6e103jcrcibbk,SELECT NULL;
hdhdzkpqrg45clqdug5j,SELECT NULL;
w93bywji9ottt5f2dsfr,SELECT NULL;
zwzp4sfhiu3soujs2zci,SELECT NULL;
hm364ijj42hkl6k831wx,SELECT NULL;
r6g9drba481tj4bputrc,SELECT NULL;
i0jl62aafkanng3y5n10,SELECT NULL;
2oympmgv073xxxul11w0,SELECT NULL;
7mf0he7p7i3w5tf4bptg,SELECT NULL;
9lpoxhuvj55ki0tk9c09,SELECT NULL;
vjuer9s8t6gqtlpcajks,SELECT NULL;
e45q6k7nkctftzsbxesz,SELECT NULL;
pndkdyc83jw5678myebc,SELECT NULL;
t43jq4sebj6g7bugom8u,SELECT NULL;
rnqc6y7eqbwadtjkvrw2,SELECT NULL;
k4buuq7j8g856q9lvnhk,SELECT NULL;
jacez4tktqtqahcbrem9,SELECT NULL;
ikcze7ywpfyr0u5odplf,SELECT NULL;
oweraag3su02d0sthrc0,SELECT NULL;
kntujiyv1k52ah43beu3,SELECT NULL;
fgq1oblfyi2am8de0qsc,SELECT NULL;
9lq36wnzqjj21sabn1c0,SELECT NULL;
8f830miyjgpu0x4lgfaf,SELECT NULL;
t33ixnx7h01ve280lb6f,SELECT NULL;
bryuh9g1uc80yovbcvu6,SELECT NULL;
zaayvpdzq2s0eabi1fpa,SELECT NULL;
8yxl1mm8aisi4ulo7cb7,SELECT NULL;
zphuanj8sbyno1at1b7a,SELECT NULL;
nbrnocty9wce28dv7ge4,SELECT NULL;
y93f7rnblrk1beruuxxx,SELECT NULL;
a2lcjmwxj8iudnt42584,SELECT NULL;
qorgr6ijvr6lx9asiif0,SELECT NULL;
g4ospjd3115l0357grbt,SELECT NULL;
c2qdj9fzt08hjzgjia45,SELECT NULL;
zcjsdr6vumzxhqh9dzj6,SELECT NULL;
04binzcpusapf3o9o514,SELECT NULL;
anp16zqh0ekxvuatbi1k,SELECT NULL;
gje89rwizfffgd0x19gm,SELECT NULL;
q14gve1oee2hp5jd17or,SELECT NULL;
7b71yny0xn7a8itp276x,SELECT NULL;
gfnudhuemrrwsr8uyuti,SELECT NULL;
jbsynlhb8exfhqcbjy4z,SELECT NULL;
69fea461hlcqweampz8b,SELECT NULL;
0te3bxhxs73f4hb8wyxi,SELECT NULL;
cvniphd1ca8l5ouaqu4h,SELECT NULL;
31uh00fe6nnk17vl9jee,SELECT NULL;
9fq3r0zcg2ulw8o5ohuc,SELECT NULL;
sju9x9bmjxhyqlqdxo5e,SELECT NULL;
2b8cw2afoj70jlasvit5,SELECT NULL;
2538097f3z64107ww0xq,SELECT NULL;
quw2hgm06pw4jnhyiid5,SELECT NULL;
3aFWwt9uroqFCXnDRB8f,SELECT NULL;
deyvpeurukrlcpze42q8,SELECT NULL;
zuagrpoz5lgpiz130ctm,SELECT NULL;
n1kmw1r0orq5gqjlykrz,SELECT NULL;
9nz4w8n0khg3te3ud18q,SELECT NULL;
ocjgqqhhaagki2z0gdgt,SELECT NULL;
8j1s0qhokj5et4a82n2z,SELECT NULL;
6z752gswe7hp6gtu887q,SELECT NULL;
cxqt16v943uqco8vv20s,SELECT NULL;
FzTnOmPSqqwmQNzKNLnc,SELECT NULL;
88x9wnhmrht81shbtksx,SELECT NULL;
dqobgktxa6tezyn0po2e,SELECT NULL;
4r3tif547jydwbkabpcr,SELECT NULL;
h4dvy4xvjat9hzyo6wer,SELECT NULL;
hobbew0tw6jhbmt42z8v,SELECT NULL;
1ge25wd4fihvofa9e4hh,SELECT NULL;
itngodfl90zodvx4m3p4,SELECT NULL;
0vhh3bbzm8nht5d1j61o,SELECT NULL;
gsrmhv2z10s7xc6duuqo,SELECT NULL;
75yqs7nlvdp8umo3jxnj,SELECT NULL;
ymerkpbo5bbrwib4mnen,SELECT NULL;
r1ixa72p74oixclcqen2,SELECT NULL;
l13vojlrg71il6x9khze,SELECT NULL;
si7gwbin2wyu9330312u,SELECT NULL;
pkmh818szelvkf5uyhae,SELECT NULL;
2b65i17wq8u34yhqb7mm,SELECT NULL;
og99vtjq9hjbl2wnckc1,SELECT NULL;
ryxhc2eoz62sdpujh5qb,SELECT NULL;
cupr12k51786w7cho5di,SELECT NULL;
17nolrqcw7d0f42xbwah,SELECT NULL;
yytbmh1f0d11g1849ahs,SELECT NULL;
8lxvz2aounoyfrcz9kqb,SELECT NULL;
1wec8yxv7i4jmm8upqvf,SELECT NULL;
wjmg3uvudbddcgjuyaxv,SELECT NULL;
MaeRFgBlcuaaEoyoRuWA,SELECT NULL;
h5m98yfu09ro2oqx2o77,SELECT NULL;
f1kpig1a3n6myb7dddgm,SELECT NULL;
mie2hxn0cr1h8xycsyyq,SELECT NULL;
f8uy9mq3lsficwicezyx,SELECT NULL;
i8w7de5zjj7bwom02bv3,SELECT NULL;
tbi6yo9g1u07utvftzdn,SELECT NULL;
79tatyajng8bpr9wnefy,SELECT NULL;
31b6c4xq851uqhuz24f8,SELECT NULL;
39j5edz99qrn131xqw3s,SELECT NULL;
9omomf6a5fk3lisqd2yz,SELECT NULL;
brw1r5t6l9135myhglnw,SELECT NULL;
q1f0zf1dfju6x9qrj6dm,SELECT NULL;
zksi8vut1l1jswyx3epz,SELECT NULL;
fht8fu734879x4k9h3tg,SELECT NULL;
76hwjrmcpjsmuq2yb1qm,SELECT NULL;
o3ivvybjhpko7xqthyxu,SELECT NULL;
pklc6ww2z3ykqe0mr5z9,SELECT NULL;
26vb6mav0paa781jln44,SELECT NULL;
y2nqm555zfr939yijj1u,SELECT NULL;
0mgfl92vvky816nsg94n,SELECT NULL;
3b4de929h6ah2gh8uxmh,SELECT NULL;
5Nz1NtEXhzmqxMzLKqcN,SELECT NULL;
piz0d4q8l5by8bmntke0,SELECT NULL;
9e6wm60u5kifcudm3r3g,SELECT NULL;
271rnrnam92hd9zynaxj,SELECT NULL;
dn7iieqddibk8byaotug,SELECT NULL;
es1bt4jg6qy71m4672mt,SELECT NULL;
mjdeb8hsr87bexk4pelr,SELECT NULL;
d96fheu0lqe5cxwwrv2u,SELECT NULL;
xnfn2n59zba1itvtetq6,SELECT NULL;
j4l2vofdij3lg0d7ykzy,SELECT NULL;
yxexch7b0ub0dejr792m,SELECT NULL;
n3cbj4q16d6238eltq3y,SELECT NULL;
j9t1z83c56ivx4tanvmb,SELECT NULL;
0mm2hhg9w5yqzw6hklqf,SELECT NULL;
p5gklannbeefjic5gqro,SELECT NULL;
e82rztsgt6ktce8fl5i6,SELECT NULL;
6qqfjs6euwidz6jiujnp,SELECT NULL;
ugyjhb2yihz9x9pfq9d2,SELECT NULL;
zkmwuv39ijrwicwfgkh3,SELECT NULL;
qxxpiu4uxga5j47zc9om,SELECT NULL;
7xosa58m1592gul3571e,SELECT NULL;
4nhe10qc49pj02pzuzsm,SELECT NULL;
d5geovint6azdehhxwm1,SELECT NULL;
fi33cnl830a7oruxv7b8,SELECT NULL;
7432hubq5noeywylvroj,SELECT NULL;
gtxt90yt10h5w3vhedgj,SELECT NULL;
25ze99pranxp0ye4wuak,SELECT NULL;
55rd8649f93ho0jfbh9q,SELECT NULL;
xtmegl9lj8bdy1fw350j,SELECT NULL;
7js345n69f045038ttze,SELECT NULL;
z4x5b1ho0dur9dwybnup,SELECT NULL;
m10r7nkhui6q6s3vs0rb,SELECT NULL;
ldvxbtcztio0nh7wp5so,SELECT NULL;
vl493dffvar85xe4kxy3,SELECT NULL;
8ozgq9tqev7sykjvug8b,SELECT NULL;
clzue8uyi2nqv27ftmn0,SELECT NULL;
3u2yai8jkddu6u5xc9o2,SELECT NULL;
ocmsee07umdddlsi77n1,SELECT NULL;
957wbitstttj7absfve9,SELECT NULL;
e0lvkzix7a6vqdxnd0rj,SELECT NULL;
ygajqra34oi0f9yp8pcp,SELECT NULL;
iw6lgy0iy1ne3qp9zawy,SELECT NULL;
l8lsbj262luyamcq24zi,SELECT NULL;
9ohla8eig9hpxg9e2r26,SELECT NULL;
3ca4xjslw9rx1yb3koqp,SELECT NULL;
9vfk2h4btk4ppwp9uwd0,SELECT NULL;
ug95d64wxk5snxtcvkvn,SELECT NULL;
7mt7sfnb8ys4t6uqn1om,SELECT NULL;
fuoqoy82l4tvso7x8fdo,SELECT NULL;
5qi764f2c5uqfibhui14,SELECT NULL;
f0rmtpy18n0zb4qn6vpq,SELECT NULL;
fq8gzf5e1aa1ro5ghaoj,SELECT NULL;
ijbua55x2lax4zgurnpf,SELECT NULL;
15o8xol10rq6nhxy193z,SELECT NULL;
ve97nwdqg6jmmdq8yaq1,SELECT NULL;
wuz13nl30cksnsd6njmy,SELECT NULL;
km9keqiq2119myr921fo,SELECT NULL;
fukardkjc6ohdca2xqnk,SELECT NULL;
a8enzrv24q1r3vsj8kq4,SELECT NULL;
i1sqznlwgk0gxqs7t0fm,SELECT NULL;
nxx1g3sncha37jhnwvse,SELECT NULL;
6dzve1hpqddbq78c4c6e,SELECT NULL;
0gpakx1wfjpv1izz7u24,SELECT NULL;
l4xfdq8j6xebgxg1ikm6,SELECT NULL;
1kk9all9lipz9ax3nook,SELECT NULL;
ywqy388l7sbqdaz1hnan,SELECT NULL;
1cgz4b1zmp0fylwdro56,SELECT NULL;
16f8rraktx808xfuo5ye,SELECT NULL;
mdr1chmt310vy94rmoxb,SELECT NULL;
g27uy1linx6pjbe0ng4s,SELECT NULL;
nvnn664irt9uaa1c871n,SELECT NULL;
fwo1ifbuy23gjatg3zdr,SELECT NULL;
3ill29mz7w3kbt008p13,SELECT NULL;
4tmg6m90ljxobdo1zzbs,SELECT NULL;
314pcsn0n7rzz3236rp8,SELECT NULL;
kg2zkhlki5xgps0vy339,SELECT NULL;
8wj0jp6b7rpfs86g2lmx,SELECT NULL;
zp6gj0ko8922ue0geybz,SELECT NULL;
do9yj1f1ejr2ipkdvuuo,SELECT NULL;
1ruob41z1mwt61ezp6b2,SELECT NULL;
8a88vbst0gkqauvlitub,SELECT NULL;
4vdgbofc751de9nv784t,SELECT NULL;
8xsue5bihqa1ty46fyw6,SELECT NULL;
arwup392o9tv2aqstkis,SELECT NULL;
jcq2cqrvyno1hiomrn0z,SELECT NULL;
2rtcwank2uusjfdhej5u,SELECT NULL;
ku06y223rr99ifw5uw5u,SELECT NULL;
s6w2p9b35kyixqh82a8t,SELECT NULL;
uoo7b5qxrwghmnk7xs1g,SELECT NULL;
cibsr2z5csddlevpp3q9,SELECT NULL;
k37vpzhm3e2b6df26z0f,SELECT NULL;
mpcx2nhbc059sy31vbz7,SELECT NULL;
20d2u4btk7xtfesjyu6w,SELECT NULL;
dtklj39ztj2ml0ru1adr,SELECT NULL;
tsq5nmckqe1yi20t4461,SELECT NULL;
ows3gr0zhz9necdkxr8p,SELECT NULL;
owk1b9cvgfgo9ijqqz6l,SELECT NULL;
wvzbuz1f6aapysv4ta29,SELECT NULL;
070icb7dqk57sq5vfeck,SELECT NULL;
rqddnr4ryvz2dzdladf7,SELECT NULL;
xenfh726ss7t9j3m1sb3,SELECT NULL;
i1he36qh4h3drl3rwcr6,SELECT NULL;
288osra82sh29k66lkqs,SELECT NULL;
iate2z69zegkx9o0su4p,SELECT NULL;
vhrjj92z2odblud42y20,SELECT NULL;
np49m6catlmrhd96wcr1,SELECT NULL;
8ij68i7xn4nl5vscs8d3,SELECT NULL;
qs88kg2fz7c3cz8gsngy,SELECT NULL;
72wcd138iaqpxdxmue1u,SELECT NULL;
7a8nocwxqln9q468vrhw,SELECT NULL;
jas653c44nehga7z3x47,SELECT NULL;
sh72qepm76bhx2lcuuib,SELECT NULL;
9anrgd9oo990kespj5n0,SELECT NULL;
pz08n9p2acxw4wi6pz52,SELECT NULL;
2yet8wdj99kvj6a2obnu,SELECT NULL;
he60319vzxo428vl54bk,SELECT NULL;
zirlz0n2v03607lp2yph,SELECT NULL;
bmyr852gwv5aad29ggwu,SELECT NULL;
gqhr453vz0npinqq43vk,SELECT NULL;
undybfdla6z11iehtzxe,SELECT NULL;
hdyxa7ymtiygtuy2xony,SELECT NULL;
bena6i8wtlvc47h3twp1,SELECT NULL;
xevexygw6hq4q7t9a7y5,SELECT NULL;
f278i4fnz70s6p25tujo,SELECT NULL;
10gknhx5ml3lzicyhikq,SELECT NULL;
dewqsmy20xy4go13q1h3,SELECT NULL;
f5c33iueuekeelxrijqt,SELECT NULL;
8anx5op7ekefcmx4pevr,SELECT NULL;
irq5wiklu4csfpsb0b1h,SELECT NULL;
01limwfxr5e6wucjlk3s,SELECT NULL;
bq45woe9u8s70nbht4su,SELECT NULL;
i775r2n6mfqyvmbkdruw,SELECT NULL;
jbem89pd2i7a9a9fh25k,SELECT NULL;
9s6772eeyy8as5wb8hpd,SELECT NULL;
uvnnd1t89lqgene8wo4j,SELECT NULL;
vdj2geuzy9vl1afxdy3q,SELECT NULL;
tkcin96k4n857dnwznul,SELECT NULL;
iro0wzcyhvu5cemtqgpk,SELECT NULL;
igp1t05q684h3vfepkev,SELECT NULL;
nc6zysk6k2kbyx8d23jh,SELECT NULL;
puswxsv6jcs1m3na284x,SELECT NULL;
6c68d4c2nv968rr1tolo,SELECT NULL;
dz6scducssbwcigbmpn6,SELECT NULL;
2x9nxjaab3bvo3jk1qhd,SELECT NULL;
kuy33a9vu2ug8z42yjvo,SELECT NULL;
vufapwxl615wibi7w2uy,SELECT NULL;
eoo7njws9yapxnzeyvjb,SELECT NULL;
h52spkakw3k3h61e14u1,SELECT NULL;
bwfijvgr7uswbthlym6w,SELECT NULL;
dlmg92ksqejyrwc3ktky,SELECT NULL;
mwad1gf4hxgopapahcag,SELECT NULL;
marrgioqbc8oteb6bmkn,SELECT NULL;
s861edtz8lzipuudu4im,SELECT NULL;
y36s03jwfffa684d0vtw,SELECT NULL;
1h65bwjsk41cyyvwsvi4,SELECT NULL;
44iu7c1yb43hjpdircnl,SELECT NULL;
5x8qeiypdn5w34ubv23z,SELECT NULL;
fyvmz3le1ebgdh6je0fq,SELECT NULL;
mi6ocn102udpd8aafgtf,SELECT NULL;
bt02tl5jfug177vntjou,SELECT NULL;
m7kq5k291dt16ldz7mq3,SELECT NULL;
njyohqr6q9hww3gg2tx1,SELECT NULL;
ucot2c6p65qzh8pjcdcn,SELECT NULL;
7qskztpnxbuw6hpie3b2,SELECT NULL;
9le44035gzv0saoh3po5,SELECT NULL;
aobsj7vlpvac35itnjgy,SELECT NULL;
lifnsyb49qnev6cyo7ff,SELECT NULL;
c85d26juixvby60an87c,SELECT NULL;
Er1e4bFeY0hlZx0KwGho,SELECT NULL;
8c0v4uqr2ecb9hutvvx4,SELECT NULL;
hr676oa27lqi6isnvaql,SELECT NULL;
dgac2cs8txdiwc8nu91j,SELECT NULL;
027y1icas86rtb4g86zx,SELECT NULL;
vf6pqhvqtbk1fdag4moe,SELECT NULL;
cays6snilpfllvspbue2,SELECT NULL;
e4vdw5tdqmou29ie8vdb,SELECT NULL;
euchtxuub6echdith4fa,SELECT NULL;
wso3r7v5qelklsa79srt,SELECT NULL;
jwhshn36qpuv36kuclrl,SELECT NULL;
3uk77gc0b3jmbimgamf2,SELECT NULL;
0zyo9w6uite9g8t65nm3,SELECT NULL;
yaxa8l6asz34gbm75ss0,SELECT NULL;
htnodhzm6mctbjma8lwj,SELECT NULL;
g6hbo7woaf3ccfdvb1e0,SELECT NULL;
owhupvpvezsiyz196xbu,SELECT NULL;
spn09k5xu17fth0jhkcj,SELECT NULL;
otfhgwuvnrif0mc61b31,SELECT NULL;
bbwgpgqyi6lk17tvm27w,SELECT NULL;
ix5pmsvwko2wgr51xk9r,SELECT NULL;
mf2uf3o0tjx4dosibdoj,SELECT NULL;
z2zpfjz1hjtmpcxw0e79,SELECT NULL;
jy6ewjtpus2u571ae4g2,SELECT NULL;
xdahlshtn0vk2et72874,SELECT NULL;
jh61e874850r3qaw691l,SELECT NULL;
hlrezhga6h83wm95o19n,SELECT NULL;
qfvi1pm2dzktf6e7w8gj,SELECT NULL;
dng12fec7ug0t0iq7ape,SELECT NULL;
6sgo99peum29awf138di,SELECT NULL;
yhobfhnq8nnyunpt8p5q,SELECT NULL;
ga47q2w1ah67q3rshlz6,SELECT NULL;
tahebkfgksummok7cic3,SELECT NULL;
0n6tbyuw9ysad8aozyjz,SELECT NULL;
stof1135ymsf25ll9ks0,SELECT NULL;
e03wqsc3bexns4xtkrx0,SELECT NULL;
87f446ydx9xmtcewito4,SELECT NULL;
dudnz3ohtascqe4wyq7n,SELECT NULL;
rkrjze47xhpwav5o14ie,SELECT NULL;
vlkyeq5lcta25dn8nms9,SELECT NULL;
hx10koddktykw32vnfp2,SELECT NULL;
88aj689tjxv1zzjci3ct,SELECT NULL;
lox739x1zk51xaafd3rg,SELECT NULL;
v834ygm0sbkq6a6iho5w,SELECT NULL;
gihvac0uabf4htfdu676,SELECT NULL;
503bb0p8v5iidehczmok,SELECT NULL;
b1vge3o7bvwsl2sxes9i,SELECT NULL;
n67jubq1lxfat0lapk98,SELECT NULL;
0g2dmdfmir863he8yjdp,SELECT NULL;
19dacp84yu3379rka50o,SELECT NULL;
0vq9ldw9uycwa0bau26y,SELECT NULL;
zx3w18omm77intp1lha6,SELECT NULL;
4o2iot7uwkjpv65l5aox,SELECT NULL;
gu9j4yt9ugbgmqacf2pe,SELECT NULL;
oehdm7dsu1efnbvz2pru,SELECT NULL;
unn5yj0lmmbe4cj8zlip,SELECT NULL;
rikylhuxb1j552whe14w,SELECT NULL;
e89x2bddw3jbrg3w3l70,SELECT NULL;
xfvrbyu95tk97sgpj8kv,SELECT NULL;
m44dgjv24gsy4sur2ubd,SELECT NULL;
rh3f6hu4wqrbgl5q7a6g,SELECT NULL;
5runplor09g0ghpx5xa5,SELECT NULL;
c0fygpl42ajgs4e5x263,SELECT NULL;
rd863r7n55m87u7hfijz,SELECT NULL;
t3x5m08ok4pl5x4u2vym,SELECT NULL;
q18ezsq81n06vrs3s903,SELECT NULL;
5s0evvr1j4gbpec8cekx,SELECT NULL;
hk3rc8wpznjknyrbqwt6,SELECT NULL;
eid2ny0fxp0kelt4bt6p,SELECT NULL;
1pzvy8xtd6bfg2lhhap8,SELECT NULL;
tf2bnm4p656ol4e8kjef,SELECT NULL;
sl6p3jiy59bc6me2qkxh,SELECT NULL;
aozlx8xv4y0h0u73c7qi,SELECT NULL;
bqrob55nremywy9psryv,SELECT NULL;
7qpmqalwhq0so92htq45,SELECT NULL;
izmcr0xhzk5wtj1gbfsk,SELECT NULL;
ckl1rqw4uyvsrfbkeh53,SELECT NULL;
dbvll8bt9gb7ayb9lhi7,SELECT NULL;
bm21vm45ndffd88wu84w,SELECT NULL;
u6t2yk9olpn1tngd25l8,SELECT NULL;
4db8ut8iryye0svxfr9z,SELECT NULL;
1nk15bkishd665hep895,SELECT NULL;
gbarqsueeursfdd80hpr,SELECT NULL;
ggcgip0jo1y484abftcd,SELECT NULL;
qutovhqwvak8blvlamjc,SELECT NULL;
z6qloi38bbafz9l6lliq,SELECT NULL;
it15scqco9rznscogzao,SELECT NULL;
ub60ifucnzhzjq2py0yf,SELECT NULL;
adkiw2aelh8zzj16u5ls,SELECT NULL;
cmfe05hy0zywxqyyjth1,SELECT NULL;
jcv1tec2zyn1neljyk3q,SELECT NULL;
14924g5k0f0arfxzr7hz,SELECT NULL;
b270wkpj09v1c6ukgxci,SELECT NULL;
q18p8cg8ntkk3dum1av1,SELECT NULL;
lw0yuazk1pcwn5y3emct,SELECT NULL;
psby2dj0ld2xyvsc9jkq,SELECT NULL;
22x85hop8i839cwlqxeo,SELECT NULL;
7en1oh0ctima1qkfuggl,SELECT NULL;
q0navfxk7pgcnz8phxb0,SELECT NULL;
mkz73dvipiaaw9r1yvjh,SELECT NULL;
2j30kzfljuqugupjy194,SELECT NULL;
uvlw4r9kk9kf4rgol196,SELECT NULL;
fcynebw19wiw3skh1fzx,SELECT NULL;
pg7uue8cbbpnx8akfong,SELECT NULL;
4crmchvq837gv2b8qh7a,SELECT NULL;
m1yqe8fivtpllxdivoew,SELECT NULL;
zwbo6uowfivmfwk67v9v,SELECT NULL;
3j5j7qtxlxzsolubffyt,SELECT NULL;
yfy8cbg2dzv0fes9kzmy,SELECT NULL;
t9wvbfxmhlbl57ru2hjk,SELECT NULL;
455u2ak1eir6qquqtkic,SELECT NULL;
yohsnp6nnoe9fh26f058,SELECT NULL;
aclkvrftldyk4on6i5q5,SELECT NULL;
4b0pvwmvgv3zoxgbbkl3,SELECT NULL;
810q7tftqqccgy4pdf45,SELECT NULL;
if34x2pwmxhiqlc3kc8f,SELECT NULL;
kcgvc6qn706n06zyqdcu,SELECT NULL;
a98kt5pbvndv9ga9o1pt,SELECT NULL;
ga06uzd2k7v7mf5p7x56,SELECT NULL;
1t7bxx70j1932g98u8b6,SELECT NULL;
jo045mprpphallvzzx7y,SELECT NULL;
sfohahpjmsg6bjl0pdgh,SELECT NULL;
7m8bu7fv3sxr4fs3xfpv,SELECT NULL;
gnxad5nshtwlfpgadxzn,SELECT NULL;
77yi19xcf2w4mrte5ouc,SELECT NULL;
es5845i4zohqbqwch0d0,SELECT NULL;
fgs828l9adu2rkfac8c2,SELECT NULL;
1uzazm15mhal4mmeoz3l,SELECT NULL;
3faa5dt3bxxtlya6vwrj,SELECT NULL;
5pr4v42nc75lxdtonb5f,SELECT NULL;
b1ksk6brh6gn6lvzgvt8,SELECT NULL;
5xv5g6i9npuqvws206rz,SELECT NULL;
68p5jyoiuo3gq9o03kqb,SELECT NULL;
vt8y8pehnoqd4spqf591,SELECT NULL;
tfz5hedzta84bc7xw8ga,SELECT NULL;
d5fv93k8e3vt4ji8k6n3,SELECT NULL;
8xb30p7llbdfyyor05x5,SELECT NULL;
xeh3zsbwmt3pgay1cirr,SELECT NULL;
YNn3kqqaTQf7ta3VTaUe,SELECT NULL;
76rqsl7nzn5aor5v686j,SELECT NULL;
mg2cj34bm0jlo82vear4,SELECT NULL;
z02y18kcrp09fztrmdwt,SELECT NULL;
by074509x0aeimscarz5,SELECT NULL;
lgv4ouu1ngglc865r7ig,SELECT NULL;
ccojjyu0sh68ig68ylsd,SELECT NULL;
7p5kqgrs40okcj95onw7,SELECT NULL;
nevyoln8livn4vxmpvde,SELECT NULL;
eh1ommjfzqg1uyyvvbee,SELECT NULL;
gk5jkthiqvybt2266uzu,SELECT NULL;
4l05vuycr4bmosw2b07m,SELECT NULL;
skzhf2d8nvmowwcl9be1,SELECT NULL;
v42nawfq2jgld1jgz15c,SELECT NULL;
evje7g6smsuc1valistd,SELECT NULL;
y8gdzyyncwmmt1whimbf,SELECT NULL;
0sxdb53b1yyw67dpz5vi,SELECT NULL;
9Q4XUAeZQuZIJLFAr8e7,SELECT NULL;
nqg49cx58qt1psr3p62d,SELECT NULL;
9u7kg2mpti2gvt6bwpl3,SELECT NULL;
e3qwana0k3nm5ng1ruv9,SELECT NULL;
9vbyjrcndgfc0c19vg8g,SELECT NULL;
wovf82b1t0k2q3bszb11,SELECT NULL;
yi4ike5ns9qzlp6qkl71,SELECT NULL;
0dw97sqxo7erva2ao6s9,SELECT NULL;
368a1o4q1tvb9ojhugf6,SELECT NULL;
0z98prw4g98ptoqu1fi1,SELECT NULL;
6o00x0wi7nuc3tb9p2bc,SELECT NULL;
ngf0ffd49rybii46au9o,SELECT NULL;
okx9bti805rs15k5xzf5,SELECT NULL;
kjekragt6sptpsxeoop8,SELECT NULL;
y2cuzppfsmh94lplhobo,SELECT NULL;
cqyf8b7p5ph8cnx6jevr,SELECT NULL;
bx5tpfsovl41yni9n2qz,SELECT NULL;
6rt1gu3frmfcsa140mq9,SELECT NULL;
95u7fmwe92unn87xpqyn,SELECT NULL;
j9b092ddegnoi3zyn3kx,SELECT NULL;
l2q5hr0jsjdwky22tmk4,SELECT NULL;
kfkphzmx29e9g60pvm2a,SELECT NULL;
50o81kdh8mxxrly8jpxi,SELECT NULL;
62evfzxulc8ig4knewfl,SELECT NULL;
90us0qzq5sw2klkqvk56,SELECT NULL;
3hq9m718vd08eawafy2s,SELECT NULL;
fnkibtff1t0vso1kj138,SELECT NULL;
gl6pzdvibrh58uggwpy4,SELECT NULL;
p6wyuapb3kf5x51u0hkf,SELECT NULL;
z1uz69wjneollmfh6wrj,SELECT NULL;
45d46lq7kwux4408qroo,SELECT NULL;
dul872cte0egm2hne49d,SELECT NULL;
q1uwf1p1cycc3uec0nki,SELECT NULL;
k537u267fygrwqzhqk34,SELECT NULL;
4p2ewzzuk8ffkwldy5bb,SELECT NULL;
3a0zayqpfj616blrakq7,SELECT NULL;
dakay4fuqgoew08ciz8s,SELECT NULL;
ces07kzoomsf8ti8iy7d,SELECT NULL;
q9f3u6hrhgmweiz6oloq,SELECT NULL;
cwuf4s65moj37h93t58c,SELECT NULL;
06xd3tkfw9094bva0fqb,SELECT NULL;
4ftjbxt7mx8qg413pamz,SELECT NULL;
z3lb1j693fc7hodmzeb5,SELECT NULL;
le5tt9xny7ywkkl6mcqq,SELECT NULL;
kzf8ayujgfr37k03oirs,SELECT NULL;
54dv4ievpog1mzzboftr,SELECT NULL;
1nfs4nna25binna4m04u,SELECT NULL;
y5qkvnu5cc96kj6wfelq,SELECT NULL;
sax4glvqqifgtdr68etu,SELECT NULL;
31jps85wk3rijjzwgx6c,SELECT NULL;
jwglh7koyzinzyx1e8wd,SELECT NULL;
8gx2c3ux3b37sys956j9,SELECT NULL;
7suuk0iqfyrbs553jm95,SELECT NULL;
j9d89zu13cy09efwi4qg,SELECT NULL;
7dgyky73yanke69s8olu,SELECT NULL;
34h3ax0bvj2n994pd5p4,SELECT NULL;
ibkid204806dutjuj3yz,SELECT NULL;
cfri59z64f6fcsr7spwf,SELECT NULL;
0gzs4t69rpk7u8vrp9f5,SELECT NULL;
9xzoq8smv3e0c523ya0a,SELECT NULL;
zv287u15gk2lzjfmxqyt,SELECT NULL;
0w68fpm1tnw3uytstcpa,SELECT NULL;
tgtvnw85v4n3ouw9ivdj,SELECT NULL;
XdfBskDv5AZw2wIZiHMy,SELECT NULL;
jo8cq1k61141u4suk1fb,SELECT NULL;
ftjiurtnxunbgisay2ui,SELECT NULL;
2l4x1rknzaxkdns9ah6z,SELECT NULL;
n1ydhe77tjwbcjcgzclk,SELECT NULL;
cmzqss37s2e9mfzyis9o,SELECT NULL;
vdbgx4mlvie0lcmqemud,SELECT NULL;
www9va1p5o52g2znc0wz,SELECT NULL;
ukvrlhgleid8hc5fyooz,SELECT NULL;
o9eb9hs9zel3jfoeuty9,SELECT NULL;
gsbzoes6o2ymfehb67bj,SELECT NULL;
Cmr35aeY8ceZT9oSd2F1,SELECT NULL;
e2zrv4ukoc76xzexrcef,SELECT NULL;
zlelo432tmkdlj4k10hg,SELECT NULL;
rwhn6drpxpj2vwov8znx,SELECT NULL;
y61opqwlfv9gdv716khx,SELECT NULL;
bwv2jgjnvqdbijffpuwh,SELECT NULL;
yofa5fzte7n0x1xwcvu4,SELECT NULL;
1svzr4dowzk3rjo7nvr4,SELECT NULL;
7hnixe2aiydcmw11acw3,SELECT NULL;
hp54s69s8uh4byka0z1o,SELECT NULL;
lr6623fmnsl0koah1f9d,SELECT NULL;
mfbfvgsqekpp0l5eiya7,SELECT NULL;
sv4p3gcjnl4l1rbrp7q9,SELECT NULL;
ddy4ctd1jidp223m2hnh,SELECT NULL;
xib0af3919dc5zvnzbhz,SELECT NULL;
k34dac40ptt3dym4e8s6,SELECT NULL;
cr6gygli7ncd856rcexa,SELECT NULL;
6jxfqoddy9moipo41pae,SELECT NULL;
0wz3f9ju6581snlpnp2x,SELECT NULL;
courlm2o7esmepypw90x,SELECT NULL;
rwyv4uiqb8gw90igqwvp,SELECT NULL;
56nt37mim4i4pitkac9j,SELECT NULL;
7m4o4qytxkxqskj7elh2,SELECT NULL;
giniya2tf8haijf36hlm,SELECT NULL;
iec9tjzk6xhitmzqqabn,SELECT NULL;
jrlw47e7184gu1a9zr3q,SELECT NULL;
8gy6pkos1nddxhe8v6kd,SELECT NULL;
4lkcnuehk1n67m453g1p,SELECT NULL;
b2uo2ky4n0ypisdw5w3g,SELECT NULL;
yjso97z7wzive3bcy7ca,SELECT NULL;
9wwba77wpyuj9glaahen,SELECT NULL;
xmfz97eououkuuy48nxw,SELECT NULL;
yqqblsikd5hwzowip71f,SELECT NULL;
15l2i601lyp9qy2h25yh,SELECT NULL;
z2levoit20hncy7cljzp,SELECT NULL;
8727a9pxni9iuqjpdkm5,SELECT NULL;
myzcrm6shd1obgam27l8,SELECT NULL;
s9c51jel08b88t0ek1m3,SELECT NULL;
91bf0fo3ztr96qrgm9vy,SELECT NULL;
h48uqr3kmszvnmg4t4wl,SELECT NULL;
d0a1v2kt9f69ffxiw6gk,SELECT NULL;
k7e4uuf4jj5tg3yp9t2e,SELECT NULL;
brjdskcj18kxnwawmj87,SELECT NULL;
djjmtk0i4i881na5jm5w,SELECT NULL;
6sb3mntmysahjr01mzs8,SELECT NULL;
ey8nk9uosdblge78oevd,SELECT NULL;
91yiq5vkspzu0n2dagk9,SELECT NULL;
p67zqqetfxiohwra79cq,SELECT NULL;
yap6vyazegsibyiwc6vi,SELECT NULL;
0qmh3o12nyq5cczrlwqg,SELECT NULL;
doy8cq1bxc3thdo6431k,SELECT NULL;
vwpvwabd4visadbtjyba,SELECT NULL;
nc8wqeqtdq0vwe5tumlj,SELECT NULL;
715odvbrgm6qb7oq08bi,SELECT NULL;
dwsmj1cdjc7vpy8fw0yt,SELECT NULL;
m1q94xxdy6zrty0yqq1q,SELECT NULL;
rm70zszsvu7t2c3i0kw2,SELECT NULL;
rz38yaqi91t4bah8ozj0,SELECT NULL;
ai7lku1g6f3g6odxvdpu,SELECT NULL;
xprxe0kk6tqp5q7fws0j,SELECT NULL;
w1bxc5z5cns390w026yp,SELECT NULL;
t1jbe69w62w5r83f4sod,SELECT NULL;
rj9b5uako5lnxudnnns6,SELECT NULL;
wyxlvs1m7iz2x6xhe3qe,SELECT NULL;
lbypdigxc39ui2u8e7oo,SELECT NULL;
wrr2b7rktdl88sentsgk,SELECT NULL;
zyvutr2o6hf3ccxx83hw,SELECT NULL;
uo2mcvbcxpupuwu0qhvy,SELECT NULL;
5jbpsxv95nzyjg9ikv1c,SELECT NULL;
ynaeuzn9k3b6b7fn7n78,SELECT NULL;
6enjixhc5yu79364zlkg,SELECT NULL;
6nhvtyyzg5scc62b9zms,SELECT NULL;
2s7atlqowljj95xp6bz2,SELECT NULL;
53b33ctk5usgkc79jm60,SELECT NULL;
v9n7wz6iv7e3bqenf6v1,SELECT NULL;
pxitcdbtmd5uxmhlkgie,SELECT NULL;
rpqi0ojo1iobd4gom28d,SELECT NULL;
agyu4zgci7qduvo8jrpa,SELECT NULL;
6w0zqghs5ue236fpcxmh,SELECT NULL;
q2d51seh82nn2vwwnrcx,SELECT NULL;
mei7ttt76qymnxposb7y,SELECT NULL;
h7o9lcadw18efm0eogc0,SELECT NULL;
dwcgihf5n7joxothqfjm,SELECT NULL;
efhhizkyvh8yxcd3oz2b,SELECT NULL;
i4z0q6o73laghgg3jc6i,SELECT NULL;
50m1oj49330jasw58qfx,SELECT NULL;
gCp85ArnjPadpVuOZBvw,SELECT NULL;
spbxyw51jsp1ueaxityh,SELECT NULL;
o4v3sx7cwi1xe8pq1nfu,SELECT NULL;
k4q0m6iboxm2x4plcagd,SELECT NULL;
wvhwrfskknduvyi96nxm,SELECT NULL;
zghwo4dv5kuoenxuhab2,SELECT NULL;
l5n86rde5qj3bk26za7a,SELECT NULL;
m0sz6zklb5hg3dssh11i,SELECT NULL;
tmudluwklyusvvss8j22,SELECT NULL;
dh4bt85h3igxlxgwuv9s,SELECT NULL;
ozlqal1m729so4mhslse,SELECT NULL;
8f80trrzf79qmw4dgqc8,SELECT NULL;
w70t436j4x1d9g9r2m56,SELECT NULL;
42fs60nz3wgu9qg1eyge,SELECT NULL;
9l5ormdu1fapg5ai7bss,SELECT NULL;
5wbaou1b7hpwnodmv8y2,SELECT NULL;
ph6f08mxkofz3bmtzwbl,SELECT NULL;
09o79ki5q4nx0b8gl4ux,SELECT NULL;
eo0ij7omfk4l2lw2djja,SELECT NULL;
f4rtrhuw1jlwzn3oh7gk,SELECT NULL;
ccm1uvm00jk92sgnjmei,SELECT NULL;
bbw0x8oslgsrvspj3v05,SELECT NULL;
hl51toxwqzscy1g57ry5,SELECT NULL;
u1ffhl188zunxss7mabf,SELECT NULL;
q4tmj3damjjtqxgluq1v,SELECT NULL;
1k499elhbat3cx9bl68o,SELECT NULL;
a6rnynhfptbra4likh1j,SELECT NULL;
uihnms91h3lc4tagowv9,SELECT NULL;
5qibqyzvh4tbh9ge3yzc,SELECT NULL;
coqlhp7a5evvw081m852,SELECT NULL;
f7654lqpewniufbthv0r,SELECT NULL;
o3bp2kx6y7554zybbw4e,SELECT NULL;
l0h5sheaytzfkh1tcdt5,SELECT NULL;
VLylrONDppWFSkCD5je2,SELECT NULL;
ystisjoakwkkrojqpsuw,SELECT NULL;
1behsvzu1xeh8lfi1m2a,SELECT NULL;
uzwk4r9v85fs95tga1hm,SELECT NULL;
wrivej26b4tp22dimo41,SELECT NULL;
t6ebilq9xhcktk36lshj,SELECT NULL;
7elecgxe45vmflaqzipd,SELECT NULL;
bc4j7dx9dqzq73ntlyum,SELECT NULL;
fzwb6qlqxh5n51ezex1o,SELECT NULL;
l2nz3wweyb77ow3ebrdp,SELECT NULL;
eg2ck730jujx26pfdn66,SELECT NULL;
8pf0eeojzjvvb6mxg4hk,SELECT NULL;
pxxaas6tzzc8nbin8l3w,SELECT NULL;
prg2gwwrzby9n4fqce7k,SELECT NULL;
chr9rrjz4zr048z8duxp,SELECT NULL;
zts86e4pt1bifsure7cv,SELECT NULL;
u07jt2fc1kc88kddmt21,SELECT NULL;
8v5mkx4p1qy09p76r6uu,SELECT NULL;
fwhh1lq9cdnsixy26th9,SELECT NULL;
jwywitn267fi0gwgsyqn,SELECT NULL;
2dpjzij5nlde14n1ho4o,SELECT NULL;
f3xgadj1fcl2919ltk1q,SELECT NULL;
grxpvl2pipa7yxygwbsz,SELECT NULL;
18jhihxjub1f936ush4f,SELECT NULL;
leqvx35brl0cd857wt3y,SELECT NULL;
bz81nrwt1remie8io1f3,SELECT NULL;
svpwek078odgoyd60ofi,SELECT NULL;
nu1vzv5dpcchlci6c64i,SELECT NULL;
qt777a2pnjhr06gidp7q,SELECT NULL;
jvg25xhdyvn1e5qwf6jj,SELECT NULL;
cdobaioe2m3gj3mjkdyj,SELECT NULL;
y0r819cea286tt0pf34i,SELECT NULL;
ubuwcfc9fl5uf08n50vu,SELECT NULL;
fz25iyfr4vd5jzda0pe8,SELECT NULL;
90oo46n2d251fs0wzdms,SELECT NULL;
ph3fkvf0c881lcik292l,SELECT NULL;
932i8y3uk3uvev62cv4b,SELECT NULL;
fdtqfddjmadung3ny7xb,SELECT NULL;
vvnw7se3xzsbdvxwmkhc,SELECT NULL;
9i315h3cfhz5ow2shoo2,SELECT NULL;
f9yubdwzic1pkog0d0i6,SELECT NULL;
i5jmc72pbv0dzyqwei9p,SELECT NULL;
0v5beqjt4caw8xs7qmjt,SELECT NULL;
f7ytvkjnio7ey7zw4q5n,SELECT NULL;
hj8oporvslfh3dobmgd9,SELECT NULL;
0a7frgzxdbsd9vkaypf0,SELECT NULL;
u7scij0cyrgnwec7dqi0,SELECT NULL;
xit17ve9swcgiinplbfq,SELECT NULL;
difx4jqp0czn5lncdxcb,SELECT NULL;
ic3c16c3njyqzfixaz48,SELECT NULL;
ojwnpme2ymehshao58pl,SELECT NULL;
3TUdmJVyqsRHyNnwNuT1,SELECT NULL;
rw6sabc7ved7csncwj7h,SELECT NULL;
wehgo21g5v9tiqgmqke1,SELECT NULL;
fi8htg2d5jub1l8p0db0,SELECT NULL;
dz4jpvv9fetxpaw9rmi6,SELECT NULL;
4qom7rb5rpvbm0x5qlj5,SELECT NULL;
cn38pmhaqokr783o1uxi,SELECT NULL;
co4gza3a58y4d8l397p9,SELECT NULL;
qq08j4j2wtm8acznik83,SELECT NULL;
QIayM5U3s19GbIiUh5eA,SELECT NULL;
s3y25l5ctoogqc40jbb5,SELECT NULL;
1jy40h6frc7nycvqauuh,SELECT NULL;
6isgsy9a3co3x7jg7u94,SELECT NULL;
692gkj5lkiidcaxoryzp,SELECT NULL;
mdrmmpnjgj0iddsfqk4b,SELECT NULL;
qtrml11mfl5zqf57d8jc,SELECT NULL;
x8bmq8xmsqfr64dsxzkt,SELECT NULL;
4y6vctsq6tpebsnn9agj,SELECT NULL;
gof2rgz2vraihafqqzbk,SELECT NULL;
rtyurerlhr4vz1gt7nsa,SELECT NULL;
mrggfhije4zroga662pj,SELECT NULL;
kx6elyvlmudhms5wwlo8,SELECT NULL;
n8cuebbtp1759swtut0f,SELECT NULL;
r3r5vswj2es7yf7z8ls4,SELECT NULL;
fwvv01q92nbkcve0yeu0,SELECT NULL;
e57mumkgnl02r8g5ngld,SELECT NULL;
vq9kiasswm7mj3nh4jxp,SELECT NULL;
boRUec926mCN9YVHuxiy,SELECT NULL;
kb2z2yp91dgko02y80n2,SELECT NULL;
vpanehfyhpz6b33rpyhr,SELECT NULL;
ped0ttvxl9m0wt5ju9xf,SELECT NULL;
67db31stm744l1imeuuv,SELECT NULL;
xf6mpdyf2iuw1ggrpzeb,SELECT NULL;
b5ylgbmwq7p9wjyz8ptd,SELECT NULL;
0v5wyemmeevh3x2cvgbr,SELECT NULL;
0bwj0tw1keqe3zauj624,SELECT NULL;
vbqz008mauqb6c6279cj,SELECT NULL;
3hiplmbypnexf0ndd0o6,SELECT NULL;
pr8akbbxyict1rd0svq3,SELECT NULL;
8fnffkum0exbzhjwf5w7,SELECT NULL;
tdnj5qmt07uf5t1cozo6,SELECT NULL;
7i4um9dkvlz6ne5njhuy,SELECT NULL;
a96q3ezu01xg0dk2in8f,SELECT NULL;
ymlhgo9hg5qozriazfuj,SELECT NULL;
tWSe8VVG2V7VB4XQ754u,SELECT NULL;
17evo3qkz9mz05d0se7n,SELECT NULL;
2m7prj1mpic675vallu2,SELECT NULL;
nnecsvhyozcazi3g6ipv,SELECT NULL;
dcehb7253zavu9iufl8e,SELECT NULL;
w33v9fgbc7xzjdvuvrer,SELECT NULL;
p1ymt92sxva3gwk5tvbd,SELECT NULL;
kao6w0awudmv6jnlxa89,SELECT NULL;
81ic7522tecwwqx5dw3f,SELECT NULL;
5m2ejkf0wjon4w74vw1n,SELECT NULL;
aTSEo2PSnsIetRCTR42X,SELECT NULL;
xf1l455bvxoqtqhinqy4,SELECT NULL;
r7slvr8jt93n7q1082lr,SELECT NULL;
tspvcm5l72z5n686btlt,SELECT NULL;
70z70i3l8jzddc74rbvd,SELECT NULL;
ahebkhngazo3oq4oh9vq,SELECT NULL;
eidn47493xfmwdunq4aa,SELECT NULL;
ktk608rk6ylg0isfhkoe,SELECT NULL;
17buu7s5pv0chhbafx4v,SELECT NULL;
rhd3q4n3jo019rssb27y,SELECT NULL;
lfku1d2ouco8cb0rwlmq,SELECT NULL;
lrk3i6ax11qtt18k57en,SELECT NULL;
rikfum0i5468ft5g1z8e,SELECT NULL;
o8hr6fqk456l5ed0dvww,SELECT NULL;
411nouoiyxdfcdml7svk,SELECT NULL;
WTqoBIDpmExOS2GE60PQ,SELECT NULL;
0dsj9li572gnrd7xcwj0,SELECT NULL;
fu4nqezlc91v7ocu0yhh,SELECT NULL;
nb5zi6fx3qlcjzxh37uc,SELECT NULL;
jaeab8s4qjibmm9egj6d,SELECT NULL;
pryjhha7wghs36ymqkd2,SELECT NULL;
dgjvfdk3sfo4tr6wc89n,SELECT NULL;
4fmc9f6hcdejhifvnf50,SELECT NULL;
f51v88ek7sci02v2qjsz,SELECT NULL;
zdk6g7h7hkcfmr6jljav,SELECT NULL;
1obntkagd4mbb5288hxe,SELECT NULL;
kor2l3pj9foo78jl5c8b,SELECT NULL;
74ptdzkdmkiyfsa4e2h7,SELECT NULL;
8kixbfr7akfuzmz1m7j1,SELECT NULL;
lap7hceg2ruvumw9703l,SELECT NULL;
kwjmvfxsg85abdin7mrx,SELECT NULL;
3bo33lk09cvtl5fa45yr,SELECT NULL;
9pasuyj54sbfkyy8ymr3,SELECT NULL;
d1pm4fcqboht9edh3abz,SELECT NULL;
5zhm9l47mcy171gjes1a,SELECT NULL;
sbe91omcsea5wqpr11gp,SELECT NULL;
ypedrn2e2ye6ph53qewu,SELECT NULL;
6iz8667724r1n770wm8k,SELECT NULL;
fdypk5vmt1vfmirkx6f6,SELECT NULL;
geso6hgujutfqpjoakwt,SELECT NULL;
gsq2e6wws0sspbgcdfyk,SELECT NULL;
d5q7gj0dnx62r8hx786o,SELECT NULL;
inr279a86bp7h3bl2sch,SELECT NULL;
b06ko38ubl8umytvqisv,SELECT NULL;
xn3y4c40jcqou5hijlgy,SELECT NULL;
idqnprctiqckwzetmstw,SELECT NULL;
up4sb91mdwdbh7ohj6ms,SELECT NULL;
hqjlt7m8c79tjr0lakim,SELECT NULL;
h3wmj7f0fod955bii8vu,SELECT NULL;
snrdkdjkrb1jxo513x9s,SELECT NULL;
ibz5zjhv0rhhh34u4rwu,SELECT NULL;
qgbnpfwb7odu54xdyjhs,SELECT NULL;
nn2pgzf72ep5eth8nrvt,SELECT NULL;
mp1u0zqstg1hq8flhhps,SELECT NULL;
7lxmz5mge8vof06pigfj,SELECT NULL;
e3j80fa5xbkq4kumxen3,SELECT NULL;
krt8qnhk8aupo3eohznj,SELECT NULL;
gy4v3502mrsfqyujjsto,SELECT NULL;
tm32gbxhhy3a21646skc,SELECT NULL;
mpiab4k7s7jwm45494mb,SELECT NULL;
aw2yvv362lrr5lzp2v03,SELECT NULL;
shjo22ees95e26h4qzjy,SELECT NULL;
bo2dfahshvvo56nc54xe,SELECT NULL;
t6xnn1su3qaet4c5jvma,SELECT NULL;
8xmoqcddemk5zvopnnck,SELECT NULL;
qzfqza7df9lrekx51p0p,SELECT NULL;
jhbca3h4bkfzoyb04uuc,SELECT NULL;
q75kgmi7pr37mx8pqbi2,SELECT NULL;
xwz3gnr3ejrcjwtbajte,SELECT NULL;
t9h5dt2h2xh5hfwvecok,SELECT NULL;
mfavn6qqwnp0m5rgnct0,SELECT NULL;
9tomtavw0dk3m2bbgzuq,SELECT NULL;
2ntpreowg6vvyz2qpjlp,SELECT NULL;
87tdHKvka793STdotNF4,SELECT NULL;
7j15gtymkgb73sfbh6xu,SELECT NULL;
bffpzq8ih7fs80irlt1c,SELECT NULL;
omiy2lgns62c3s93hfqt,SELECT NULL;
r73ne69tzp1rkb0qq864,SELECT NULL;
s3c77g6odmcsuzos9vvv,SELECT NULL;
yu3wj96yh9emhe7i7uw6,SELECT NULL;
k2jodl3h4o9ahqo2q2mg,SELECT NULL;
cvn2g20glaxpv195n25q,SELECT NULL;
kk6mnon0zbphdxrsj51c,SELECT NULL;
5rmfwkekz937ag4plqhg,SELECT NULL;
wsner98js3kiopt1x1qo,SELECT NULL;
gfkgf9332r2fwietreai,SELECT NULL;
gl5asqp8w4dvuesd742y,SELECT NULL;
dp9q4y15jppk8pe7agti,SELECT NULL;
zv7lnhlupkf44xzddly8,SELECT NULL;
71ty8u0onhwzpudgsajz,SELECT NULL;
yqm70cnfm17af4tl0m43,SELECT NULL;
yrrcn2wzla1tvitx0b29,SELECT NULL;
94g36s99ust0wl30h88l,SELECT NULL;
7gnysp1mfg4isydhp0r8,SELECT NULL;
u4soet8l5s7uxouv5h13,SELECT NULL;
aevyuupmtzp2i9opywi3,SELECT NULL;
hietiv7uagva6hj1jilv,SELECT NULL;
w1nsagm6agiat4ne0yk1,SELECT NULL;
q4w1pzsqa9spwkg6g1hu,SELECT NULL;
e3li4fz6875uj8kc10lg,SELECT NULL;
yjpkfaw3m2wiss1urnuj,SELECT NULL;
184orz7mn7i7bynqlhg1,SELECT NULL;
qt60fipbp1bh0f2ekdy8,SELECT NULL;
hth7nafyaafcu7hy17vw,SELECT NULL;
dgrlk6r11yp32f9rv8nk,SELECT NULL;
vywhvvq50qibviim49ni,SELECT NULL;
kvlipbfzsaukm9ry0po3,SELECT NULL;
wxubq7h7lcryq5bev88b,SELECT NULL;
qjcypcvane242k7m0gda,SELECT NULL;
4zu58ga9zpijokp8qk3z,SELECT NULL;
zsf56lcbksp3bc7260vd,SELECT NULL;
2lmowravzriagnrtrnyy,SELECT NULL;
8ny4kRFKK4ujvwwP503T,SELECT NULL;
hha3txja7bf5dvrtx9qc,SELECT NULL;
ieeodtrkmflo32grbgnj,SELECT NULL;
p2iqmfu67j2bhn9bui2w,SELECT NULL;
rzhxh7shstn5gcastqau,SELECT NULL;
bbn7q39lajki481kz1td,SELECT NULL;
vkfs8z6nw6o5oxy42djf,SELECT NULL;
xo4s1xuuvz3kdidiierk,SELECT NULL;
ozxarw47rzoicx3522pq,SELECT NULL;
gn1vy9y39394mes772ha,SELECT NULL;
7ncn5ht7hs9vbv30z2e2,SELECT NULL;
23bh6puiejfzput3tir7,SELECT NULL;
s7t14frbj9s7yqpq8fxn,SELECT NULL;
uv4r7ummah0ljlje1fry,SELECT NULL;
96gkihar5d0baf6w7vwc,SELECT NULL;
o45n85n0c9d2quia8dwm,SELECT NULL;
b2wuzgislx42gvm8738u,SELECT NULL;
oqy1q9enr15ajyea2qu8,SELECT NULL;
uf3taqz6vbxfjz1h4wyf,SELECT NULL;
850hffbp4el67jeqyzjy,SELECT NULL;
30jc92nt0fcqu62dtlmk,SELECT NULL;
t34k3x7e8iw9szj82lmr,SELECT NULL;
ocrxolpz5f0vu7yfmf65,SELECT NULL;
9cd1kg0mfvwm14jlcem0,SELECT NULL;
wi7k6tqudt0cd85l30gx,SELECT NULL;
8m426x0dkidjkrf6sryw,SELECT NULL;
pje2lz87zld1jh0g6vhp,SELECT NULL;
in18n6qy02jgdzn8fz1b,SELECT NULL;
6t3mva7bpm01tz3zpjf4,SELECT NULL;
p78fldck3k596wpy5uq7,SELECT NULL;
v9y52oj8x9fnc5r457tw,SELECT NULL;
ohrsvxbvge0zkuthdsc3,SELECT NULL;
k3o916l0l39zv75kqqi7,SELECT NULL;
1rmedwfav82twcxdfsm0,SELECT NULL;
qdj0232jqekjw6a7zkv1,SELECT NULL;
103pm164az06raf5ey0p,SELECT NULL;
aomnmaqsmkuk3davu489,SELECT NULL;
st5pziejki52hr272bgh,SELECT NULL;
g8rj9wfdf3cjvvi0r4pc,SELECT NULL;
13zg5n0p16iqkn9n3gue,SELECT NULL;
0axzfws4hpw2fid75ocj,SELECT NULL;
rqdw5h1fefcsoa7n4cde,SELECT NULL;
dpkzcr3dfs67ug7w8i93,SELECT NULL;
8brt9tcdlfi2sjylszo8,SELECT NULL;
hp1u6npsk6bo9ytdxwwm,SELECT NULL;
zr7uirr2auxscvuiyjn8,SELECT NULL;
8ydxkdr4uivs79kitz48,SELECT NULL;
hr76noub4sw8zlge8f3d,SELECT NULL;
rz2k2lmyesigmlyeuvtz,SELECT NULL;
6vcg8s1ltwa1mbr1wv0g,SELECT NULL;
otc6fq3psj3onupkojov,SELECT NULL;
i8h5jlka6ekm8knp3xa2,SELECT NULL;
gqo4jydi3jcqia5ezh79,SELECT NULL;
o31m9jsfwtev1dy1qfzb,SELECT NULL;
4rWagLlobKA4AGoEeefb,SELECT NULL;
qs15wbhxj9w1oqqxpp84,SELECT NULL;
kyaarbkvapqx5fk678qk,SELECT NULL;
ks0kmwrizf68t3rghvks,SELECT NULL;
fj8l4vm1upp5cbxvpnlg,SELECT NULL;
cpfgbcz8zhcfvvefliol,SELECT NULL;
c3saycznp4t0z2te1vub,SELECT NULL;
s8b3amen31wng8khrcf6,SELECT NULL;
p4Xgj7PA5WBlSBYq216d,SELECT NULL;
r9gl3sw7l5q9uesyrcz9,SELECT NULL;
3fofyqmm2lyfs572h9m4,SELECT NULL;
rp9vganqu8keeruel60r,SELECT NULL;
8duyiam1nz0feo7ptz19,SELECT NULL;
jkb2tbcw1tm7dtbab087,SELECT NULL;
uvdbzl56ot9hek7ddjaq,SELECT NULL;
yoavze5lols9qgp0qjg0,SELECT NULL;
0newyct0ui51xu7m46pe,SELECT NULL;
egs0t9y95qf2f0124bcj,SELECT NULL;
rs6myr1da0yyjqereaud,SELECT NULL;
od06aaip74m0llta4e1m,SELECT NULL;
evl1jj2ea3mqvmou02nx,SELECT NULL;
7199v35nlnmxh6xxkzsq,SELECT NULL;
8mbdlufxlsp7ewd3mhot,SELECT NULL;
DkjDTuROvyyWclFpeF0U,SELECT NULL;
kz1xe1ykrdlsuxyozv44,SELECT NULL;
n3wvpgwpne7j9dcjpmvw,SELECT NULL;
ecqpb1puzz34l4cgvkh4,SELECT NULL;
97huzpeeuzri3f888kag,SELECT NULL;
aviig7580vgnixpbjxft,SELECT NULL;
17rf64ragn0ver129l8l,SELECT NULL;
haa89vaohr40f5btpv3b,SELECT NULL;
gbfumrh392b3cjoegv0a,SELECT NULL;
skm1mxpcumufx7jpc0vl,SELECT NULL;
gl2bowpc3nj9eeat6hkp,SELECT NULL;
igsd143gm6566httkou6,SELECT NULL;
0km6fgb5gm7en0rukahr,SELECT NULL;
8dvjyc6oi954zuuxnp8a,SELECT NULL;
jnrn6oojp8enh1bjaid5,SELECT NULL;
at415n0ooqddu2dawtr5,SELECT NULL;
u13wzi8hxoar9huhn1kk,SELECT NULL;
wpdwjstwazx0rwbjiwhs,SELECT NULL;
wyw2kuzc6zvhh9utshl8,SELECT NULL;
r4245l00mzaby2c17fjk,SELECT NULL;
nu1uhcx8z2vvz83tq86s,SELECT NULL;
x0jbeqdjqej4n60c5a0p,SELECT NULL;
jxdr80kdkvz8pg2hzg2n,SELECT NULL;
mksjcdk25v7calpynuog,SELECT NULL;
p87exzczxcz4mhjr4wsj,SELECT NULL;
3qfsaook2w5mujxqqwp1,SELECT NULL;
nvrdx3q0kzz0834jn2uo,SELECT NULL;
2qi565vc3kdc85645swi,SELECT NULL;
5exegivpbay0e0i42emt,SELECT NULL;
jmlfv5ul41kp7cqpfwb0,SELECT NULL;
4au1wvrrcj55lht4itus,SELECT NULL;
l09bukqu937137bkl3hc,SELECT NULL;
rz48l9snvx7t4f1pgc28,SELECT NULL;
eawwtpxpgvttgmry8kzx,SELECT NULL;
jypjsomeiftwy7w55npd,SELECT NULL;
cedz5ru2k9xl4cqp8ran,SELECT NULL;
q441a3ndsaizd85vs17y,SELECT NULL;
wn302zslqlwsbarq3b4w,SELECT NULL;
6wzh9kmrzy4lvk6kbmrw,SELECT NULL;
sme1r269rtqi4qw9f87r,SELECT NULL;
lxo0edirwafx1ia93hm7,SELECT NULL;
p7p0jacd1nyumhf2le07,SELECT NULL;
hqpjd4ne9gnh80bmtkg2,SELECT NULL;
zcxm2szfu3bbl0bjrj7v,SELECT NULL;
ubs41haovvwcbes31lyj,SELECT NULL;
hhlmkmq425sv5fxn4jqd,SELECT NULL;
clablsh5ecrsvg9awbpa,SELECT NULL;
0wgf7i5zyuim0hk6pvjc,SELECT NULL;
3kmfsiru4l0j4y9blgyb,SELECT NULL;
chmntm50awsb87d90zc4,SELECT NULL;
97owvevnyl1shplfj3ta,SELECT NULL;
6101fua6rn813z0wz7ii,SELECT NULL;
pg13a54n1z1ob7dij03u,SELECT NULL;
f2ss2eh294wi8i9pgue7,SELECT NULL;
7cdrn27qajd5vb7187qb,SELECT NULL;
vfpi96wblsm9r426of05,SELECT NULL;
20acel20mqfxc9nv5b7g,SELECT NULL;
hnu0xi9k0i29sqbrp65b,SELECT NULL;
bucu9ejnn9z7qlew2g2c,SELECT NULL;
qunaapo99x1gdbjxc6wy,SELECT NULL;
8vcmzzcrxktik3ka85ov,SELECT NULL;
anxverd9kk9gbzeyi0k2,SELECT NULL;
mh21amvu6h3sw462w8kg,SELECT NULL;
dyngegd9yu514afhroki,SELECT NULL;
znxstn3kfs8j8og69msw,SELECT NULL;
e8s4peno4nyymzi94zws,SELECT NULL;
phd90sihaqsh0cfi48kb,SELECT NULL;
js03sx4qcnvisp74m89z,SELECT NULL;
5spa99v2x7mvbsspt3dr,SELECT NULL;
b0i0sdkscyt05plg9lhy,SELECT NULL;
g43mwkdt9ao969trom9f,SELECT NULL;
1ut4vdcdkojoepf4jz0o,SELECT NULL;
m6d50kth51f1r404qwgw,SELECT NULL;
ku8ugwqycga9f2vojrnu,SELECT NULL;
rv8semsyvikxz9959ws7,SELECT NULL;
gawnek06f550y9el9bx7,SELECT NULL;
4cdvfep885intth3egwa,SELECT NULL;
wl0t8fxu6m4gxhlgx1ro,SELECT NULL;
x1tw7b4yquub062gkxwe,SELECT NULL;
qzeyyb2j4gr1qct4hsdl,SELECT NULL;
ac1galfhye71arirwn41,SELECT NULL;
s8vbt73g2epl9ii1tcgy,SELECT NULL;
NJxu1xJPIDnhNcwJ9Lkh,SELECT NULL;
qi89vd1jmapi04s42ztw,SELECT NULL;
5pigxa5w49i5sjgqrnj0,SELECT NULL;
oszzxnuczm3igfr3hh0f,SELECT NULL;
o0l8n7qa7i7c1ij2hv2v,SELECT NULL;
02lxjgy1avnlu4c76cgo,SELECT NULL;
jhankac6kwg5pjsqajti,SELECT NULL;
adh89c7yjs0w8ng0btnn,SELECT NULL;
q2g02f1c4sslnb3hb7te,SELECT NULL;
qkvgq8vhabogt6yztzjb,SELECT NULL;
thljkizc5h38w1d2vc6s,SELECT NULL;
r9ky8mtm2qyrtmop280d,SELECT NULL;
ci3q9vlpml3vqcteslmj,SELECT NULL;
78q6xy5mg9j2a42yam5u,SELECT NULL;
h3fjhkwo0q37zort3ujr,SELECT NULL;
cxryhdnrbazgyxmsm3vu,SELECT NULL;
6kx1kdbd3gd1n0pj8omu,SELECT NULL;
dbjo3yekw6f1m0bs922o,SELECT NULL;
eqnzq1jzq22zi3b4rg8n,SELECT NULL;
2ps5fmytdiusapoj1cqf,SELECT NULL;
f33rfuqli34q8kxal36j,SELECT NULL;
s7rxyfqn7u79hfh1bdas,SELECT NULL;
f3bu0ulvuxipckbf2lul,SELECT NULL;
pia771agdumi7ab5a0kd,SELECT NULL;
c4k74esk4dp4r0bmq2sq,SELECT NULL;
gjgrtq5dxhm9k3npsp8h,SELECT NULL;
bw8pxyw85erwtw1zf6ha,SELECT NULL;
wsdnxpoc25qq43629h6z,SELECT NULL;
eee0qp37jr5xahm2v57t,SELECT NULL;
omhzfoue4b51yy9vbpy1,SELECT NULL;
ui375o6i9ogo0xaglx9m,SELECT NULL;
3q6m0919l423l6lxpbkw,SELECT NULL;
baa8dgc35gifcskgl050,SELECT NULL;
0g6u531nv14cpi5kmeo1,SELECT NULL;
9yii3vocw3j7qv3qd5v6,SELECT NULL;
4u55xsa94tc6p9uivxep,SELECT NULL;
d1nrgvhs39nk0oj1hvur,SELECT NULL;
4tw99mqxrc6ywdeo1ztx,SELECT NULL;
h51f19xupm0x39hwdrwm,SELECT NULL;
w4aph6lje19xho44frx7,SELECT NULL;
3qyl699bizcgkhy5ffv2,SELECT NULL;
7v7w4mcik4zjn3vxekta,SELECT NULL;
jplcij6oj4s4xxfv3wfn,SELECT NULL;
seyrv591zj8squ4fj4v3,SELECT NULL;
p2e2c5fayvpno8wzwgjv,SELECT NULL;
zft6fjyocbq9qd1nviga,SELECT NULL;
wpzwyorei5gnly7ohjbv,SELECT NULL;
gx2sf39jx4cgf6ad4lxp,SELECT NULL;
sav7v6li3tkgzy92bcgo,SELECT NULL;
pbut342iwdljp7lwf6lk,SELECT NULL;
4yldu9vkgjbydxyvlkly,SELECT NULL;
kpps3rgoiye63106vxcf,SELECT NULL;
omb2hieor864sgzr0gan,SELECT NULL;
mcatzisb0tm15wanv68o,SELECT NULL;
berceyvr5sb1slsy113g,SELECT NULL;
56scpe3j6xfbsnosl4qo,SELECT NULL;
4co8ylmkeg99zrl0r495,SELECT NULL;
fj1vcl7bs94k595b4dvk,SELECT NULL;
2u6qyvglenvyhvaamxrm,SELECT NULL;
t8akzj95dbxmhig47421,SELECT NULL;
mnpsygthanbqrl2tz4qt,SELECT NULL;
s1f4rn3czwhvga2ee91a,SELECT NULL;
gfuptpkqgflo8wsmn9ev,SELECT NULL;
ovz2g7xjw01hpq20ixib,SELECT NULL;
di8qv4pp08t26oy6ic5b,SELECT NULL;
bo62hcsxf442tlnmcjmt,SELECT NULL;
e83amu0cfs7f3gtvrv12,SELECT NULL;
owv4cv6rat5kr1jg7a2m,SELECT NULL;
w1v4v2x2upc3mqqhiiuu,SELECT NULL;
027ctficpr7fpo2n8kt4,SELECT NULL;
qd46g7c0nasugg3zc7qs,SELECT NULL;
wj04eqcdwtxyojjrdidy,SELECT NULL;
ticgnfs1etwicjrkvw69,SELECT NULL;
810lxawa5rbomdw0g55r,SELECT NULL;
ongrletjx4zmajuxeu7m,SELECT NULL;
m5um3yieqxpjyprdkneu,SELECT NULL;
r48zmhiv6gyt52wvwj5r,SELECT NULL;
9qv117yd67mr0to2ssmd,SELECT NULL;
dyynnlrt56zspdw973qb,SELECT NULL;
i5x0s6anckeysxfnkgic,SELECT NULL;
hegqpjwt35vl904hqjqf,SELECT NULL;
t34wp6sneqq6pb1g2uhe,SELECT NULL;
wz6ue5fkvn6p8tkxms0w,SELECT NULL;
qq1zc8ibg7lbossgasfi,SELECT NULL;
jiamnrmbvq2r5plk4s2i,SELECT NULL;
iru6b05ox4lnwfqr6dsm,SELECT NULL;
0a7hmnps0u8wvkxiumw0,SELECT NULL;
sqm0jq55cf5qcqrwbsos,SELECT NULL;
e3g5hs3labe4b914zeo5,SELECT NULL;
vml7pfmr0ho1wdy42eun,SELECT NULL;
qwzr78e2wjg5bzv5zdts,SELECT NULL;
mnvas08wb1512hqv5wzh,SELECT NULL;
l8az046bygfiqyyep58n,SELECT NULL;
16slpirmn9egfbeknmj5,SELECT NULL;
vbdd6fgf2cz14faa5ylg,SELECT NULL;
5k4tw2ipkzpo0iwi5qg7,SELECT NULL;
c6hvs0wjwd85flmckizq,SELECT NULL;
7vjqs3m57r6c2evkgatp,SELECT NULL;
6tas24pvv14dz8cx78pv,SELECT NULL;
viviyt3ou2q8e4s4euhd,SELECT NULL;
aryfls463bo5ftfim4ik,SELECT NULL;
k7hu6h999mldq2aabmh9,SELECT NULL;
rewqoyq461yfnlf0cgj1,SELECT NULL;
5bdzxdnm4eqsvwewz1ep,SELECT NULL;
vc2lem4vw4rd91zeo1jt,SELECT NULL;
vp3duk5egqam240d6cby,SELECT NULL;
lqijigb9j6evvbo5obbb,SELECT NULL;
e5f45k72k6x9mgtw5eg6,SELECT NULL;
0qvg9t08ffppttmydfa1,SELECT NULL;
uhqtma4pfzgm9y7ct1ot,SELECT NULL;
vqoyl7jprryw52drnnjs,SELECT NULL;
wwrtql1w4eeeci3t1vj3,SELECT NULL;
ov338s4xykzu0hu1lq6r,SELECT NULL;
602j8zzm9iaasthe9uiz,SELECT NULL;
w6g5ao0o02kjfysz5i63,SELECT NULL;
itl8wc6rjlrezs9nga6v,SELECT NULL;
0m9if5s8x6mxpwecf53d,SELECT NULL;
y78elnpxg9k5633sliip,SELECT NULL;
z9almsaqnmc9p1oynwuh,SELECT NULL;
shunzyfobw3pisxfpyl5,SELECT NULL;
z2zjiwx80ymwj4p5bss7,SELECT NULL;
g98nyptfw46w6iy69slv,SELECT NULL;
chovgueosq07l1vna76d,SELECT NULL;
0doy7u8spiemh6uisupc,SELECT NULL;
auazvw5av3owdv7r4ge5,SELECT NULL;
rma35uu36w0ycrxphegf,SELECT NULL;
95g5dp6gyd09y1hyps4r,SELECT NULL;
2xjdo7cqzjz6zhy6ujdt,SELECT NULL;
1s4gwhiyubmm0r4gouas,SELECT NULL;
fi9vpksod1zo22xqc3fl,SELECT NULL;
oeuvy04edm0az3y3k719,SELECT NULL;
np9hshqoyy3f7nbdc4a6,SELECT NULL;
okub7sxfy23nlqjjsmnj,SELECT NULL;
unkhc4dzivqfq4bqtt1b,SELECT NULL;
fndwb8dm4kyc3110dw1y,SELECT NULL;
9qqfaliizhmfaih92vgd,SELECT NULL;
ninyh68vjrc03kkclg6q,SELECT NULL;
3iize0q171zgd49j0p2g,SELECT NULL;
hger6t0anw4xpu8j21pp,SELECT NULL;
wt1e2c0mkorj2aarbxpb,SELECT NULL;
my7ekp698ykw5yo03jsb,SELECT NULL;
k5vgivhr0mzofvg74dio,SELECT NULL;
3nezo47lwa8a3oqitf4o,SELECT NULL;
1pjuqoodv5d42eimmakv,SELECT NULL;
xpi6wdcq8akgc38hq0to,SELECT NULL;
6kj2qsqvw3c4j3s954ee,SELECT NULL;
3XQDBGzxaQigGz2Pw9kq,SELECT NULL;
f74alwxxr3a3r3a9ozig,SELECT NULL;
ek2umjddlkj1dk7kapic,SELECT NULL;
r8uuw4odf8bhzlpyzn99,SELECT NULL;
evx6qxvjmg2goiyjqifv,SELECT NULL;
fwzfcoul053ncsez7j4h,SELECT NULL;
tr7t7803h168jafh51b3,SELECT NULL;
p4yn3ah9rxemof5beqma,SELECT NULL;
hlv6abv9nzs11i9gj8ve,SELECT NULL;
